experiment,config_id,instance,N,K,M,instance_seed,agent,agent_seed,timeout_s,status,validated,tiles_placed,occupied_cells,largest_tile,elapsed_s,effort,effort_type,result,complete,search_cutoff,time_fraction,exceeded_limit,wall_s,return_code,validator_return_code,validator_verdict,validator_tiles,validator_occupied,validator_largest,solution_path,solution_sha256,run_id,timestamp,rho
escalabilidad,n3_k2_m5,escalabilidad_s1_n3_k2_m5,3,2,5,1,busqueda_astar,1,10.000000,ok,True,5,2,14,0.137600,2274,expanded_nodes,victoria,True,False,0.013760,False,0.310923,0,0,ACEPTADA,5,2,14,datos/soluciones/busqueda_astar/escalabilidad_s1_n3_k2_m5__busqueda_astar__s1.sol,e6171bb19e38293b2014348b2a990565e5965df12e43a183903146e09b285d83,escalabilidad-0001,2026-09-30T14:30:47,0.5
escalabilidad,n3_k2_m5,escalabilidad_s1_n3_k2_m5,3,2,5,1,evolutivo,1,10.000000,ok,True,5,2,14,9.800100,104822,fitness_evaluations,victoria,True,,0.980010,False,9.960342,0,0,ACEPTADA,5,2,14,datos/soluciones/evolutivo/escalabilidad_s1_n3_k2_m5__evolutivo__s1.sol,2f18190af3e40b48d55ffcd6040c855c2168fc89ccd2c26a77a3eee5be5ffee3,escalabilidad-0002,2026-09-30T14:30:47,0.5
escalabilidad,n3_k2_m5,escalabilidad_s2_n3_k2_m5,3,2,5,2,busqueda_astar,2,10.000000,ok,True,5,2,16,0.002800,56,expanded_nodes,victoria,True,False,0.000280,False,0.181786,0,0,ACEPTADA,5,2,16,datos/soluciones/busqueda_astar/escalabilidad_s2_n3_k2_m5__busqueda_astar__s2.sol,b47c3fee046ee00482944d5ee9566a90da09d2caf1531744b6593ba2341e4583,escalabilidad-0003,2026-09-30T14:30:58,0.5
escalabilidad,n3_k2_m5,escalabilidad_s2_n3_k2_m5,3,2,5,2,evolutivo,2,10.000000,ok,True,5,2,16,9.800000,119232,fitness_evaluations,victoria,True,,0.980000,False,9.980600,0,0,ACEPTADA,5,2,16,datos/soluciones/evolutivo/escalabilidad_s2_n3_k2_m5__evolutivo__s2.sol,21b468eb64796d6d19679ab560dbf9007eb4969b9715e7e2d8d60ac6193ae530,escalabilidad-0004,2026-09-30T14:30:58,0.5
escalabilidad,n3_k2_m5,escalabilidad_s3_n3_k2_m5,3,2,5,3,busqueda_astar,3,10.000000,ok,True,5,2,14,0.000900,17,expanded_nodes,victoria,True,False,0.000090,False,0.172061,0,0,ACEPTADA,5,2,14,datos/soluciones/busqueda_astar/escalabilidad_s3_n3_k2_m5__busqueda_astar__s3.sol,8104e4284c9240461d691cd98204e43ac433b98bf4859cffdae387f7ba4ed224,escalabilidad-0005,2026-09-30T14:31:08,0.5
escalabilidad,n3_k2_m5,escalabilidad_s3_n3_k2_m5,3,2,5,3,evolutivo,3,10.000000,ok,True,5,2,14,9.800100,100589,fitness_evaluations,victoria,True,,0.980010,False,9.980337,0,0,ACEPTADA,5,2,14,datos/soluciones/evolutivo/escalabilidad_s3_n3_k2_m5__evolutivo__s3.sol,4b6bc8afba1588dcbeb29c3c24b2b4eff3c6a443994ef90386769e3a41447f09,escalabilidad-0006,2026-09-30T14:31:09,0.5
escalabilidad,n3_k3_m5,escalabilidad_s1_n3_k3_m5,3,3,5,1,busqueda_astar,1,10.000000,ok,True,5,3,13,0.172500,3098,expanded_nodes,victoria,True,False,0.017250,False,0.338201,0,0,ACEPTADA,5,3,13,datos/soluciones/busqueda_astar/escalabilidad_s1_n3_k3_m5__busqueda_astar__s1.sol,944bff27cad180dd482baff7bd632740a084e5e584c6d7b47e8af4ff55b8f0fc,escalabilidad-0007,2026-09-30T14:31:19,0.5
escalabilidad,n3_k3_m5,escalabilidad_s1_n3_k3_m5,3,3,5,1,evolutivo,1,10.000000,ok,True,5,3,13,9.800000,123792,fitness_evaluations,victoria,True,,0.980000,False,10.031072,0,0,ACEPTADA,5,3,13,datos/soluciones/evolutivo/escalabilidad_s1_n3_k3_m5__evolutivo__s1.sol,07c74fe1cc275fc05fce5748e30b3948fd708ea8565fc9f1ff0f5aa564291299,escalabilidad-0008,2026-09-30T14:31:20,0.5
escalabilidad,n3_k3_m5,escalabilidad_s2_n3_k3_m5,3,3,5,2,busqueda_astar,2,10.000000,ok,True,5,2,11,0.000900,17,expanded_nodes,victoria,True,False,0.000090,False,0.163136,0,0,ACEPTADA,5,2,11,datos/soluciones/busqueda_astar/escalabilidad_s2_n3_k3_m5__busqueda_astar__s2.sol,c1b437c2a4dc226860616da5cb729a7be95b64c5d070fa105ae227917ec9204e,escalabilidad-0009,2026-09-30T14:31:30,0.5
escalabilidad,n3_k3_m5,escalabilidad_s2_n3_k3_m5,3,3,5,2,evolutivo,2,10.000000,ok,True,5,2,11,9.800000,118947,fitness_evaluations,victoria,True,,0.980000,False,9.964999,0,0,ACEPTADA,5,2,11,datos/soluciones/evolutivo/escalabilidad_s2_n3_k3_m5__evolutivo__s2.sol,6c921cd7aa327c8af38fa29b58877b23415a4f0257a9211fd5eb3b3b085c8e8a,escalabilidad-0010,2026-09-30T14:31:30,0.5
escalabilidad,n3_k3_m5,escalabilidad_s3_n3_k3_m5,3,3,5,3,busqueda_astar,3,10.000000,ok,True,5,3,15,0.027000,416,expanded_nodes,victoria,True,False,0.002700,False,0.199367,0,0,ACEPTADA,5,3,15,datos/soluciones/busqueda_astar/escalabilidad_s3_n3_k3_m5__busqueda_astar__s3.sol,f2ea92f02d883550e2602ac8e35354ff620482da3fbc29252d53e9a6b4839d5c,escalabilidad-0011,2026-09-30T14:31:41,0.5
escalabilidad,n3_k3_m5,escalabilidad_s3_n3_k3_m5,3,3,5,3,evolutivo,3,10.000000,ok,True,5,3,15,9.800100,125695,fitness_evaluations,victoria,True,,0.980010,False,9.961571,0,0,ACEPTADA,5,3,15,datos/soluciones/evolutivo/escalabilidad_s3_n3_k3_m5__evolutivo__s3.sol,6a66eacbd67b8b843619d3587d5ca1069eb8ad71ed7c9322888dabc8b4d55d8f,escalabilidad-0012,2026-09-30T14:31:41,0.5
escalabilidad,n3_k4_m5,escalabilidad_s1_n3_k4_m5,3,4,5,1,busqueda_astar,1,10.000000,ok,True,5,2,14,0.140000,2274,expanded_nodes,victoria,True,False,0.014000,False,0.301608,0,0,ACEPTADA,5,2,14,datos/soluciones/busqueda_astar/escalabilidad_s1_n3_k4_m5__busqueda_astar__s1.sol,e6171bb19e38293b2014348b2a990565e5965df12e43a183903146e09b285d83,escalabilidad-0013,2026-09-30T14:31:51,0.5
escalabilidad,n3_k4_m5,escalabilidad_s1_n3_k4_m5,3,4,5,1,evolutivo,1,10.000000,ok,True,5,2,14,9.800100,108999,fitness_evaluations,victoria,True,,0.980010,False,9.957740,0,0,ACEPTADA,5,2,14,datos/soluciones/evolutivo/escalabilidad_s1_n3_k4_m5__evolutivo__s1.sol,2f18190af3e40b48d55ffcd6040c855c2168fc89ccd2c26a77a3eee5be5ffee3,escalabilidad-0014,2026-09-30T14:31:52,0.5
escalabilidad,n3_k4_m5,escalabilidad_s2_n3_k4_m5,3,4,5,2,busqueda_astar,2,10.000000,ok,True,5,3,13,0.108400,2274,expanded_nodes,victoria,True,False,0.010840,False,0.298840,0,0,ACEPTADA,5,3,13,datos/soluciones/busqueda_astar/escalabilidad_s2_n3_k4_m5__busqueda_astar__s2.sol,c2aa02e02fd19a0b261b94f803eb10e77e3c2275a5f72d442c0975485ee1bb7c,escalabilidad-0015,2026-09-30T14:32:02,0.5
escalabilidad,n3_k4_m5,escalabilidad_s2_n3_k4_m5,3,4,5,2,evolutivo,2,10.000000,ok,True,5,3,13,9.800000,131506,fitness_evaluations,victoria,True,,0.980000,False,9.973315,0,0,ACEPTADA,5,3,13,datos/soluciones/evolutivo/escalabilidad_s2_n3_k4_m5__evolutivo__s2.sol,6b90452574218ad5c6adb0a01de99d9477654fef0dea2e79dce970ef34a20f63,escalabilidad-0016,2026-09-30T14:32:02,0.5
escalabilidad,n3_k4_m5,escalabilidad_s3_n3_k4_m5,3,4,5,3,busqueda_astar,3,10.000000,ok,True,5,3,12,0.018900,402,expanded_nodes,victoria,True,False,0.001890,False,0.177974,0,0,ACEPTADA,5,3,12,datos/soluciones/busqueda_astar/escalabilidad_s3_n3_k4_m5__busqueda_astar__s3.sol,3a52bc34a595856b32d474663da416e5c063c37c4c49e675557e8c26a87d9f70,escalabilidad-0017,2026-09-30T14:32:13,0.5
escalabilidad,n3_k4_m5,escalabilidad_s3_n3_k4_m5,3,4,5,3,evolutivo,3,10.000000,ok,True,5,3,12,9.800000,123508,fitness_evaluations,victoria,True,,0.980000,False,9.963939,0,0,ACEPTADA,5,3,12,datos/soluciones/evolutivo/escalabilidad_s3_n3_k4_m5__evolutivo__s3.sol,3a52bc34a595856b32d474663da416e5c063c37c4c49e675557e8c26a87d9f70,escalabilidad-0018,2026-09-30T14:32:13,0.5
escalabilidad,n4_k2_m8,escalabilidad_s1_n4_k2_m8,4,2,8,1,busqueda_astar,1,10.000000,ok,True,8,2,19,0.276200,2781,expanded_nodes,victoria,True,False,0.027620,False,0.441227,0,0,ACEPTADA,8,2,19,datos/soluciones/busqueda_astar/escalabilidad_s1_n4_k2_m8__busqueda_astar__s1.sol,0c94042f6fa1037dc94ae5513e9e66aa67431b4476f64f62115bf297dd30840e,escalabilidad-0019,2026-09-30T14:32:23,0.5
escalabilidad,n4_k2_m8,escalabilidad_s1_n4_k2_m8,4,2,8,1,evolutivo,1,10.000000,ok,True,8,2,19,9.800100,70699,fitness_evaluations,victoria,True,,0.980010,False,9.968608,0,0,ACEPTADA,8,2,19,datos/soluciones/evolutivo/escalabilidad_s1_n4_k2_m8__evolutivo__s1.sol,fc9098d976da1f6664933ea5140a8166d4acfe67401a56c76d30354784d66d65,escalabilidad-0020,2026-09-30T14:32:24,0.5
escalabilidad,n4_k2_m8,escalabilidad_s2_n4_k2_m8,4,2,8,2,busqueda_astar,2,10.000000,ok,True,8,2,24,0.989100,9558,expanded_nodes,victoria,True,False,0.098910,False,1.155465,0,0,ACEPTADA,8,2,24,datos/soluciones/busqueda_astar/escalabilidad_s2_n4_k2_m8__busqueda_astar__s2.sol,4817a385c28f3aacad63cd59cef0df47fc9798ad0e43c9618a86bc22de20b31d,escalabilidad-0021,2026-09-30T14:32:34,0.5
escalabilidad,n4_k2_m8,escalabilidad_s2_n4_k2_m8,4,2,8,2,evolutivo,2,10.000000,ok,True,8,2,24,9.801000,66292,fitness_evaluations,victoria,True,,0.980100,False,9.977084,0,0,ACEPTADA,8,2,24,datos/soluciones/evolutivo/escalabilidad_s2_n4_k2_m8__evolutivo__s2.sol,8a5214ff70ff26ad191dd0a9f052ae9a4c23bc52882d3e3f91b0424314e9c628,escalabilidad-0022,2026-09-30T14:32:36,0.5
escalabilidad,n4_k2_m8,escalabilidad_s3_n4_k2_m8,4,2,8,3,busqueda_astar,3,10.000000,ok,True,8,2,22,2.245300,19912,expanded_nodes,victoria,True,False,0.224530,False,2.404510,0,0,ACEPTADA,8,2,22,datos/soluciones/busqueda_astar/escalabilidad_s3_n4_k2_m8__busqueda_astar__s3.sol,d521ee854bc130d6a841161553ed8fef577fb878d371549062fa57944b37d60f,escalabilidad-0023,2026-09-30T14:32:46,0.5
escalabilidad,n4_k2_m8,escalabilidad_s3_n4_k2_m8,4,2,8,3,evolutivo,3,10.000000,ok,True,8,2,22,9.800100,61367,fitness_evaluations,victoria,True,,0.980010,False,9.968372,0,0,ACEPTADA,8,2,22,datos/soluciones/evolutivo/escalabilidad_s3_n4_k2_m8__evolutivo__s3.sol,c7cf3f6b5e62f6a3f4c4e35617b5092a036e0f657df00c1daf22bd67a286c64d,escalabilidad-0024,2026-09-30T14:32:49,0.5
escalabilidad,n4_k3_m8,escalabilidad_s1_n4_k3_m8,4,3,8,1,busqueda_astar,1,10.000000,ok,True,8,3,19,8.578900,75030,expanded_nodes,victoria,True,True,0.857890,False,8.752257,0,0,ACEPTADA,8,3,19,datos/soluciones/busqueda_astar/escalabilidad_s1_n4_k3_m8__busqueda_astar__s1.sol,fa122d88948f6b070d84d686962f9a58493d0d74e268f9367dce2f9ead353450,escalabilidad-0025,2026-09-30T14:32:59,0.5
escalabilidad,n4_k3_m8,escalabilidad_s1_n4_k3_m8,4,3,8,1,evolutivo,1,10.000000,ok,True,8,3,19,9.800100,74850,fitness_evaluations,victoria,True,,0.980010,False,9.963264,0,0,ACEPTADA,8,3,19,datos/soluciones/evolutivo/escalabilidad_s1_n4_k3_m8__evolutivo__s1.sol,ef0ed7b507de6d937f1cdc8764acee654c82d606d811148bfe445110c52226a9,escalabilidad-0026,2026-09-30T14:33:08,0.5
escalabilidad,n4_k3_m8,escalabilidad_s2_n4_k3_m8,4,3,8,2,busqueda_astar,2,10.000000,ok,True,8,3,17,2.020500,18985,expanded_nodes,victoria,True,False,0.202050,False,2.191393,0,0,ACEPTADA,8,3,17,datos/soluciones/busqueda_astar/escalabilidad_s2_n4_k3_m8__busqueda_astar__s2.sol,ae28bf759defd829b387fb7ffe5c0b29f37a7bf6b8ba7819072bcdebc495ea34,escalabilidad-0027,2026-09-30T14:33:18,0.5
escalabilidad,n4_k3_m8,escalabilidad_s2_n4_k3_m8,4,3,8,2,evolutivo,2,10.000000,ok,True,8,3,17,9.800100,76146,fitness_evaluations,victoria,True,,0.980010,False,9.976676,0,0,ACEPTADA,8,3,17,datos/soluciones/evolutivo/escalabilidad_s2_n4_k3_m8__evolutivo__s2.sol,36cced8ee3b93caaedd580aeba6772d4257ee84bbfbabfa19a2d57402b183607,escalabilidad-0028,2026-09-30T14:33:20,0.5
escalabilidad,n4_k3_m8,escalabilidad_s3_n4_k3_m8,4,3,8,3,busqueda_astar,3,10.000000,ok,True,8,3,34,8.647600,68611,expanded_nodes,victoria,True,True,0.864760,False,8.840481,0,0,ACEPTADA,8,3,34,datos/soluciones/busqueda_astar/escalabilidad_s3_n4_k3_m8__busqueda_astar__s3.sol,e132e5bf682f9812e393cbb7d495d9b04da7f78242057002c9d5e1803447e150,escalabilidad-0029,2026-09-30T14:33:31,0.5
escalabilidad,n4_k3_m8,escalabilidad_s3_n4_k3_m8,4,3,8,3,evolutivo,3,10.000000,ok,True,8,3,34,9.800100,66837,fitness_evaluations,victoria,True,,0.980010,False,9.970098,0,0,ACEPTADA,8,3,34,datos/soluciones/evolutivo/escalabilidad_s3_n4_k3_m8__evolutivo__s3.sol,20857f4000ecacda3cbdedd241d14e31aa4fcaef99f3fce1d039c4462af707ac,escalabilidad-0030,2026-09-30T14:33:40,0.5
escalabilidad,n4_k4_m8,escalabilidad_s1_n4_k4_m8,4,4,8,1,busqueda_astar,1,10.000000,ok,True,8,3,19,0.253000,2781,expanded_nodes,victoria,True,False,0.025300,False,0.436895,0,0,ACEPTADA,8,3,19,datos/soluciones/busqueda_astar/escalabilidad_s1_n4_k4_m8__busqueda_astar__s1.sol,9f674946b767a77686a0b944b97c07d6046a6bc53464a0ce15f4a7d64b52c294,escalabilidad-0031,2026-09-30T14:33:50,0.5
escalabilidad,n4_k4_m8,escalabilidad_s1_n4_k4_m8,4,4,8,1,evolutivo,1,10.000000,ok,True,8,3,19,9.800100,73804,fitness_evaluations,victoria,True,,0.980010,False,9.969129,0,0,ACEPTADA,8,3,19,datos/soluciones/evolutivo/escalabilidad_s1_n4_k4_m8__evolutivo__s1.sol,0ee432346a276d220455aed1eaaf8d123aeed8676d30c03e8c13e48205ec6ae0,escalabilidad-0032,2026-09-30T14:33:51,0.5
escalabilidad,n4_k4_m8,escalabilidad_s2_n4_k4_m8,4,4,8,2,busqueda_astar,2,10.000000,ok,True,8,3,24,0.969300,10161,expanded_nodes,victoria,True,False,0.096930,False,1.129291,0,0,ACEPTADA,8,3,24,datos/soluciones/busqueda_astar/escalabilidad_s2_n4_k4_m8__busqueda_astar__s2.sol,c58cf1526e92dc27864b14d5ef9c48c62d8374a971193d1d111d28860103b168,escalabilidad-0033,2026-09-30T14:34:01,0.5
escalabilidad,n4_k4_m8,escalabilidad_s2_n4_k4_m8,4,4,8,2,evolutivo,2,10.000000,ok,True,8,3,24,9.800100,71557,fitness_evaluations,victoria,True,,0.980010,False,9.963491,0,0,ACEPTADA,8,3,24,datos/soluciones/evolutivo/escalabilidad_s2_n4_k4_m8__evolutivo__s2.sol,c1921aa756938ce9b790599acecb7838d361eb4ec99fb9e26fc22160dc1cff8a,escalabilidad-0034,2026-09-30T14:34:02,0.5
escalabilidad,n4_k4_m8,escalabilidad_s3_n4_k4_m8,4,4,8,3,busqueda_astar,3,10.000000,ok,True,8,3,19,8.703100,77263,expanded_nodes,victoria,True,True,0.870310,False,8.883777,0,0,ACEPTADA,8,3,19,datos/soluciones/busqueda_astar/escalabilidad_s3_n4_k4_m8__busqueda_astar__s3.sol,32bde6e835db58a10ff4401d77f15d903074b8253f75f817e469e9260e95f4a1,escalabilidad-0035,2026-09-30T14:34:13,0.5
escalabilidad,n4_k4_m8,escalabilidad_s3_n4_k4_m8,4,4,8,3,evolutivo,3,10.000000,ok,True,8,3,19,9.800200,59415,fitness_evaluations,victoria,True,,0.980020,False,9.987261,0,0,ACEPTADA,8,3,19,datos/soluciones/evolutivo/escalabilidad_s3_n4_k4_m8__evolutivo__s3.sol,065eb7c520d5c9a8c257c35c16ea37d620347e73a080f8a14efe405ab7913af0,escalabilidad-0036,2026-09-30T14:34:22,0.5
escalabilidad,n5_k2_m13,escalabilidad_s1_n5_k2_m13,5,2,13,1,busqueda_astar,1,10.000000,ok,True,13,5,22,8.845900,37145,expanded_nodes,victoria,True,True,0.884590,False,9.020215,0,0,ACEPTADA,13,5,22,datos/soluciones/busqueda_astar/escalabilidad_s1_n5_k2_m13__busqueda_astar__s1.sol,f2164bb9600c49a547641262b725385fd3d2c8a6c7ae1ead1d1f10c03c88dbad,escalabilidad-0037,2026-09-30T14:34:32,0.5
escalabilidad,n5_k2_m13,escalabilidad_s1_n5_k2_m13,5,2,13,1,evolutivo,1,10.000000,ok,True,13,2,35,9.800100,36220,fitness_evaluations,victoria,True,,0.980010,False,9.976734,0,0,ACEPTADA,13,2,35,datos/soluciones/evolutivo/escalabilidad_s1_n5_k2_m13__evolutivo__s1.sol,15530f4032b774e58e7b8dc08ed77fe038d3679b679f163eda9960ea1b50bf6a,escalabilidad-0038,2026-09-30T14:34:41,0.5
