experiment,config_id,instance,N,K,M,instance_seed,agent,agent_seed,timeout_s,status,validated,tiles_placed,occupied_cells,largest_tile,elapsed_s,effort,effort_type,result,complete,search_cutoff,clock_safeguard,time_fraction,exceeded_limit,wall_s,return_code,validator_return_code,validator_verdict,validator_tiles,validator_occupied,validator_largest,solution_path,solution_sha256,run_id,timestamp,rho
escalabilidad,n3_k2_m5,escalabilidad_s1_n3_k2_m5,3,2,5,1,busqueda_astar,1,10.000000,ok,True,5,2,14,0.250000,2274,expanded_nodes,victoria,True,False,False,0.025000,False,0.385065,0,0,ACEPTADA,5,2,14,datos/soluciones/busqueda_astar/escalabilidad_s1_n3_k2_m5__busqueda_astar__s1.sol,e6171bb19e38293b2014348b2a990565e5965df12e43a183903146e09b285d83,escalabilidad-0001,2026-10-04T15:20:37,0.5
escalabilidad,n3_k2_m5,escalabilidad_s1_n3_k2_m5,3,2,5,1,evolutivo,1,10.000000,ok,True,5,2,14,5.670200,40000,fitness_evaluations,victoria,True,,False,0.567020,False,5.801193,0,0,ACEPTADA,5,2,14,datos/soluciones/evolutivo/escalabilidad_s1_n3_k2_m5__evolutivo__s1.sol,2f18190af3e40b48d55ffcd6040c855c2168fc89ccd2c26a77a3eee5be5ffee3,escalabilidad-0002,2026-10-04T15:20:37,0.5
escalabilidad,n3_k2_m5,escalabilidad_s2_n3_k2_m5,3,2,5,2,busqueda_astar,2,10.000000,ok,True,5,2,16,0.006400,56,expanded_nodes,victoria,True,False,False,0.000640,False,0.146973,0,0,ACEPTADA,5,2,16,datos/soluciones/busqueda_astar/escalabilidad_s2_n3_k2_m5__busqueda_astar__s2.sol,b47c3fee046ee00482944d5ee9566a90da09d2caf1531744b6593ba2341e4583,escalabilidad-0003,2026-10-04T15:20:44,0.5
escalabilidad,n3_k2_m5,escalabilidad_s2_n3_k2_m5,3,2,5,2,evolutivo,2,10.000000,ok,True,5,2,16,5.666900,40000,fitness_evaluations,victoria,True,,False,0.566690,False,5.821081,0,0,ACEPTADA,5,2,16,datos/soluciones/evolutivo/escalabilidad_s2_n3_k2_m5__evolutivo__s2.sol,21b468eb64796d6d19679ab560dbf9007eb4969b9715e7e2d8d60ac6193ae530,escalabilidad-0004,2026-10-04T15:20:44,0.5
escalabilidad,n3_k2_m5,escalabilidad_s3_n3_k2_m5,3,2,5,3,busqueda_astar,3,10.000000,ok,True,5,2,14,0.002400,17,expanded_nodes,victoria,True,False,False,0.000240,False,0.127556,0,0,ACEPTADA,5,2,14,datos/soluciones/busqueda_astar/escalabilidad_s3_n3_k2_m5__busqueda_astar__s3.sol,8104e4284c9240461d691cd98204e43ac433b98bf4859cffdae387f7ba4ed224,escalabilidad-0005,2026-10-04T15:20:50,0.5
escalabilidad,n3_k2_m5,escalabilidad_s3_n3_k2_m5,3,2,5,3,evolutivo,3,10.000000,ok,True,5,2,14,5.372200,40000,fitness_evaluations,victoria,True,,False,0.537220,False,5.498221,0,0,ACEPTADA,5,2,14,datos/soluciones/evolutivo/escalabilidad_s3_n3_k2_m5__evolutivo__s3.sol,4b6bc8afba1588dcbeb29c3c24b2b4eff3c6a443994ef90386769e3a41447f09,escalabilidad-0006,2026-10-04T15:20:50,0.5
escalabilidad,n3_k3_m5,escalabilidad_s1_n3_k3_m5,3,3,5,1,busqueda_astar,1,10.000000,ok,True,5,3,13,0.322700,3098,expanded_nodes,victoria,True,False,False,0.032270,False,0.463387,0,0,ACEPTADA,5,3,13,datos/soluciones/busqueda_astar/escalabilidad_s1_n3_k3_m5__busqueda_astar__s1.sol,944bff27cad180dd482baff7bd632740a084e5e584c6d7b47e8af4ff55b8f0fc,escalabilidad-0007,2026-10-04T15:20:56,0.5
escalabilidad,n3_k3_m5,escalabilidad_s1_n3_k3_m5,3,3,5,1,evolutivo,1,10.000000,ok,True,5,3,13,5.455300,40000,fitness_evaluations,victoria,True,,False,0.545530,False,5.579882,0,0,ACEPTADA,5,3,13,datos/soluciones/evolutivo/escalabilidad_s1_n3_k3_m5__evolutivo__s1.sol,07c74fe1cc275fc05fce5748e30b3948fd708ea8565fc9f1ff0f5aa564291299,escalabilidad-0008,2026-10-04T15:20:57,0.5
escalabilidad,n3_k3_m5,escalabilidad_s2_n3_k3_m5,3,3,5,2,busqueda_astar,2,10.000000,ok,True,5,2,11,0.002000,17,expanded_nodes,victoria,True,False,False,0.000200,False,0.134195,0,0,ACEPTADA,5,2,11,datos/soluciones/busqueda_astar/escalabilidad_s2_n3_k3_m5__busqueda_astar__s2.sol,c1b437c2a4dc226860616da5cb729a7be95b64c5d070fa105ae227917ec9204e,escalabilidad-0009,2026-10-04T15:21:03,0.5
escalabilidad,n3_k3_m5,escalabilidad_s2_n3_k3_m5,3,3,5,2,evolutivo,2,10.000000,ok,True,5,2,11,5.363800,40000,fitness_evaluations,victoria,True,,False,0.536380,False,5.485315,0,0,ACEPTADA,5,2,11,datos/soluciones/evolutivo/escalabilidad_s2_n3_k3_m5__evolutivo__s2.sol,6c921cd7aa327c8af38fa29b58877b23415a4f0257a9211fd5eb3b3b085c8e8a,escalabilidad-0010,2026-10-04T15:21:03,0.5
escalabilidad,n3_k3_m5,escalabilidad_s3_n3_k3_m5,3,3,5,3,busqueda_astar,3,10.000000,ok,True,5,3,15,0.039900,416,expanded_nodes,victoria,True,False,False,0.003990,False,0.208127,0,0,ACEPTADA,5,3,15,datos/soluciones/busqueda_astar/escalabilidad_s3_n3_k3_m5__busqueda_astar__s3.sol,f2ea92f02d883550e2602ac8e35354ff620482da3fbc29252d53e9a6b4839d5c,escalabilidad-0011,2026-10-04T15:21:09,0.5
escalabilidad,n3_k3_m5,escalabilidad_s3_n3_k3_m5,3,3,5,3,evolutivo,3,10.000000,ok,True,5,3,15,5.294600,40000,fitness_evaluations,victoria,True,,False,0.529460,False,5.421822,0,0,ACEPTADA,5,3,15,datos/soluciones/evolutivo/escalabilidad_s3_n3_k3_m5__evolutivo__s3.sol,6a66eacbd67b8b843619d3587d5ca1069eb8ad71ed7c9322888dabc8b4d55d8f,escalabilidad-0012,2026-10-04T15:21:09,0.5
escalabilidad,n3_k4_m5,escalabilidad_s1_n3_k4_m5,3,4,5,1,busqueda_astar,1,10.000000,ok,True,5,2,14,0.249600,2274,expanded_nodes,victoria,True,False,False,0.024960,False,0.392128,0,0,ACEPTADA,5,2,14,datos/soluciones/busqueda_astar/escalabilidad_s1_n3_k4_m5__busqueda_astar__s1.sol,e6171bb19e38293b2014348b2a990565e5965df12e43a183903146e09b285d83,escalabilidad-0013,2026-10-04T15:21:15,0.5
escalabilidad,n3_k4_m5,escalabilidad_s1_n3_k4_m5,3,4,5,1,evolutivo,1,10.000000,ok,True,5,2,14,5.636800,40000,fitness_evaluations,victoria,True,,False,0.563680,False,5.761332,0,0,ACEPTADA,5,2,14,datos/soluciones/evolutivo/escalabilidad_s1_n3_k4_m5__evolutivo__s1.sol,2f18190af3e40b48d55ffcd6040c855c2168fc89ccd2c26a77a3eee5be5ffee3,escalabilidad-0014,2026-10-04T15:21:15,0.5
escalabilidad,n3_k4_m5,escalabilidad_s2_n3_k4_m5,3,4,5,2,busqueda_astar,2,10.000000,ok,True,5,3,13,0.196300,2274,expanded_nodes,victoria,True,False,False,0.019630,False,0.323716,0,0,ACEPTADA,5,3,13,datos/soluciones/busqueda_astar/escalabilidad_s2_n3_k4_m5__busqueda_astar__s2.sol,c2aa02e02fd19a0b261b94f803eb10e77e3c2275a5f72d442c0975485ee1bb7c,escalabilidad-0015,2026-10-04T15:21:21,0.5
escalabilidad,n3_k4_m5,escalabilidad_s2_n3_k4_m5,3,4,5,2,evolutivo,2,10.000000,ok,True,5,3,13,5.414700,40000,fitness_evaluations,victoria,True,,False,0.541470,False,5.546178,0,0,ACEPTADA,5,3,13,datos/soluciones/evolutivo/escalabilidad_s2_n3_k4_m5__evolutivo__s2.sol,6b90452574218ad5c6adb0a01de99d9477654fef0dea2e79dce970ef34a20f63,escalabilidad-0016,2026-10-04T15:21:22,0.5
escalabilidad,n3_k4_m5,escalabilidad_s3_n3_k4_m5,3,4,5,3,busqueda_astar,3,10.000000,ok,True,5,3,12,0.039500,402,expanded_nodes,victoria,True,False,False,0.003950,False,0.165169,0,0,ACEPTADA,5,3,12,datos/soluciones/busqueda_astar/escalabilidad_s3_n3_k4_m5__busqueda_astar__s3.sol,3a52bc34a595856b32d474663da416e5c063c37c4c49e675557e8c26a87d9f70,escalabilidad-0017,2026-10-04T15:21:27,0.5
escalabilidad,n3_k4_m5,escalabilidad_s3_n3_k4_m5,3,4,5,3,evolutivo,3,10.000000,ok,True,5,3,12,5.527800,40000,fitness_evaluations,victoria,True,,False,0.552780,False,5.652520,0,0,ACEPTADA,5,3,12,datos/soluciones/evolutivo/escalabilidad_s3_n3_k4_m5__evolutivo__s3.sol,3a52bc34a595856b32d474663da416e5c063c37c4c49e675557e8c26a87d9f70,escalabilidad-0018,2026-10-04T15:21:28,0.5
escalabilidad,n4_k2_m8,escalabilidad_s1_n4_k2_m8,4,2,8,1,busqueda_astar,1,10.000000,ok,True,8,2,19,0.485300,2781,expanded_nodes,victoria,True,False,False,0.048530,False,0.627565,0,0,ACEPTADA,8,2,19,datos/soluciones/busqueda_astar/escalabilidad_s1_n4_k2_m8__busqueda_astar__s1.sol,0c94042f6fa1037dc94ae5513e9e66aa67431b4476f64f62115bf297dd30840e,escalabilidad-0019,2026-10-04T15:21:34,0.5
escalabilidad,n4_k2_m8,escalabilidad_s1_n4_k2_m8,4,2,8,1,evolutivo,1,10.000000,ok,True,8,2,19,5.764500,25000,fitness_evaluations,victoria,True,,False,0.576450,False,5.905238,0,0,ACEPTADA,8,2,19,datos/soluciones/evolutivo/escalabilidad_s1_n4_k2_m8__evolutivo__s1.sol,fc9098d976da1f6664933ea5140a8166d4acfe67401a56c76d30354784d66d65,escalabilidad-0020,2026-10-04T15:21:35,0.5
escalabilidad,n4_k2_m8,escalabilidad_s2_n4_k2_m8,4,2,8,2,busqueda_astar,2,10.000000,ok,True,8,2,24,1.810400,9558,expanded_nodes,victoria,True,False,False,0.181040,False,1.945972,0,0,ACEPTADA,8,2,24,datos/soluciones/busqueda_astar/escalabilidad_s2_n4_k2_m8__busqueda_astar__s2.sol,4817a385c28f3aacad63cd59cef0df47fc9798ad0e43c9618a86bc22de20b31d,escalabilidad-0021,2026-10-04T15:21:41,0.5
escalabilidad,n4_k2_m8,escalabilidad_s2_n4_k2_m8,4,2,8,2,evolutivo,2,10.000000,ok,True,8,2,24,5.510600,25000,fitness_evaluations,victoria,True,,False,0.551060,False,5.646446,0,0,ACEPTADA,8,2,24,datos/soluciones/evolutivo/escalabilidad_s2_n4_k2_m8__evolutivo__s2.sol,8a5214ff70ff26ad191dd0a9f052ae9a4c23bc52882d3e3f91b0424314e9c628,escalabilidad-0022,2026-10-04T15:21:43,0.5
escalabilidad,n4_k2_m8,escalabilidad_s3_n4_k2_m8,4,2,8,3,busqueda_astar,3,10.000000,ok,True,8,2,22,3.917600,19912,expanded_nodes,victoria,True,False,False,0.391760,False,4.051316,0,0,ACEPTADA,8,2,22,datos/soluciones/busqueda_astar/escalabilidad_s3_n4_k2_m8__busqueda_astar__s3.sol,d521ee854bc130d6a841161553ed8fef577fb878d371549062fa57944b37d60f,escalabilidad-0023,2026-10-04T15:21:49,0.5
escalabilidad,n4_k2_m8,escalabilidad_s3_n4_k2_m8,4,2,8,3,evolutivo,3,10.000000,ok,True,8,2,22,5.906300,25000,fitness_evaluations,victoria,True,,False,0.590630,False,6.054052,0,0,ACEPTADA,8,2,22,datos/soluciones/evolutivo/escalabilidad_s3_n4_k2_m8__evolutivo__s3.sol,c7cf3f6b5e62f6a3f4c4e35617b5092a036e0f657df00c1daf22bd67a286c64d,escalabilidad-0024,2026-10-04T15:21:53,0.5
escalabilidad,n4_k3_m8,escalabilidad_s1_n4_k3_m8,4,3,8,1,busqueda_astar,1,10.000000,ok,True,8,3,19,4.489500,22000,expanded_nodes,victoria,True,True,False,0.448950,False,4.635072,0,0,ACEPTADA,8,3,19,datos/soluciones/busqueda_astar/escalabilidad_s1_n4_k3_m8__busqueda_astar__s1.sol,fa122d88948f6b070d84d686962f9a58493d0d74e268f9367dce2f9ead353450,escalabilidad-0025,2026-10-04T15:21:59,0.5
escalabilidad,n4_k3_m8,escalabilidad_s1_n4_k3_m8,4,3,8,1,evolutivo,1,10.000000,ok,True,8,3,19,5.306400,25000,fitness_evaluations,victoria,True,,False,0.530640,False,5.445266,0,0,ACEPTADA,8,3,19,datos/soluciones/evolutivo/escalabilidad_s1_n4_k3_m8__evolutivo__s1.sol,ef0ed7b507de6d937f1cdc8764acee654c82d606d811148bfe445110c52226a9,escalabilidad-0026,2026-10-04T15:22:04,0.5
escalabilidad,n4_k3_m8,escalabilidad_s2_n4_k3_m8,4,3,8,2,busqueda_astar,2,10.000000,ok,True,8,3,17,3.491100,18985,expanded_nodes,victoria,True,False,False,0.349110,False,3.632239,0,0,ACEPTADA,8,3,17,datos/soluciones/busqueda_astar/escalabilidad_s2_n4_k3_m8__busqueda_astar__s2.sol,ae28bf759defd829b387fb7ffe5c0b29f37a7bf6b8ba7819072bcdebc495ea34,escalabilidad-0027,2026-10-04T15:22:10,0.5
escalabilidad,n4_k3_m8,escalabilidad_s2_n4_k3_m8,4,3,8,2,evolutivo,2,10.000000,ok,True,8,3,17,6.029200,25000,fitness_evaluations,victoria,True,,False,0.602920,False,6.180214,0,0,ACEPTADA,8,3,17,datos/soluciones/evolutivo/escalabilidad_s2_n4_k3_m8__evolutivo__s2.sol,36cced8ee3b93caaedd580aeba6772d4257ee84bbfbabfa19a2d57402b183607,escalabilidad-0028,2026-10-04T15:22:13,0.5
escalabilidad,n4_k3_m8,escalabilidad_s3_n4_k3_m8,4,3,8,3,busqueda_astar,3,10.000000,ok,True,8,3,34,4.660400,22000,expanded_nodes,victoria,True,True,False,0.466040,False,4.791592,0,0,ACEPTADA,8,3,34,datos/soluciones/busqueda_astar/escalabilidad_s3_n4_k3_m8__busqueda_astar__s3.sol,e132e5bf682f9812e393cbb7d495d9b04da7f78242057002c9d5e1803447e150,escalabilidad-0029,2026-10-04T15:22:20,0.5
escalabilidad,n4_k3_m8,escalabilidad_s3_n4_k3_m8,4,3,8,3,evolutivo,3,10.000000,ok,True,8,3,34,5.421200,25000,fitness_evaluations,victoria,True,,False,0.542120,False,5.547087,0,0,ACEPTADA,8,3,34,datos/soluciones/evolutivo/escalabilidad_s3_n4_k3_m8__evolutivo__s3.sol,20857f4000ecacda3cbdedd241d14e31aa4fcaef99f3fce1d039c4462af707ac,escalabilidad-0030,2026-10-04T15:22:25,0.5
escalabilidad,n4_k4_m8,escalabilidad_s1_n4_k4_m8,4,4,8,1,busqueda_astar,1,10.000000,ok,True,8,3,19,0.418400,2781,expanded_nodes,victoria,True,False,False,0.041840,False,0.544659,0,0,ACEPTADA,8,3,19,datos/soluciones/busqueda_astar/escalabilidad_s1_n4_k4_m8__busqueda_astar__s1.sol,9f674946b767a77686a0b944b97c07d6046a6bc53464a0ce15f4a7d64b52c294,escalabilidad-0031,2026-10-04T15:22:31,0.5
escalabilidad,n4_k4_m8,escalabilidad_s1_n4_k4_m8,4,4,8,1,evolutivo,1,10.000000,ok,True,8,3,19,5.438700,25000,fitness_evaluations,victoria,True,,False,0.543870,False,5.606899,0,0,ACEPTADA,8,3,19,datos/soluciones/evolutivo/escalabilidad_s1_n4_k4_m8__evolutivo__s1.sol,0ee432346a276d220455aed1eaaf8d123aeed8676d30c03e8c13e48205ec6ae0,escalabilidad-0032,2026-10-04T15:22:31,0.5
escalabilidad,n4_k4_m8,escalabilidad_s2_n4_k4_m8,4,4,8,2,busqueda_astar,2,10.000000,ok,True,8,3,24,1.779700,10161,expanded_nodes,victoria,True,False,False,0.177970,False,1.936540,0,0,ACEPTADA,8,3,24,datos/soluciones/busqueda_astar/escalabilidad_s2_n4_k4_m8__busqueda_astar__s2.sol,c58cf1526e92dc27864b14d5ef9c48c62d8374a971193d1d111d28860103b168,escalabilidad-0033,2026-10-04T15:22:37,0.5
escalabilidad,n4_k4_m8,escalabilidad_s2_n4_k4_m8,4,4,8,2,evolutivo,2,10.000000,ok,True,8,3,24,5.504200,25000,fitness_evaluations,victoria,True,,False,0.550420,False,5.632357,0,0,ACEPTADA,8,3,24,datos/soluciones/evolutivo/escalabilidad_s2_n4_k4_m8__evolutivo__s2.sol,c1921aa756938ce9b790599acecb7838d361eb4ec99fb9e26fc22160dc1cff8a,escalabilidad-0034,2026-10-04T15:22:39,0.5
escalabilidad,n4_k4_m8,escalabilidad_s3_n4_k4_m8,4,4,8,3,busqueda_astar,3,10.000000,ok,True,8,3,19,4.114700,22000,expanded_nodes,victoria,True,True,False,0.411470,False,4.248733,0,0,ACEPTADA,8,3,19,datos/soluciones/busqueda_astar/escalabilidad_s3_n4_k4_m8__busqueda_astar__s3.sol,32bde6e835db58a10ff4401d77f15d903074b8253f75f817e469e9260e95f4a1,escalabilidad-0035,2026-10-04T15:22:45,0.5
escalabilidad,n4_k4_m8,escalabilidad_s3_n4_k4_m8,4,4,8,3,evolutivo,3,10.000000,ok,True,8,3,19,5.866000,25000,fitness_evaluations,victoria,True,,False,0.586600,False,5.989961,0,0,ACEPTADA,8,3,19,datos/soluciones/evolutivo/escalabilidad_s3_n4_k4_m8__evolutivo__s3.sol,065eb7c520d5c9a8c257c35c16ea37d620347e73a080f8a14efe405ab7913af0,escalabilidad-0036,2026-10-04T15:22:50,0.5
escalabilidad,n5_k2_m13,escalabilidad_s1_n5_k2_m13,5,2,13,1,busqueda_astar,1,10.000000,ok,True,13,6,29,5.760700,22000,expanded_nodes,victoria,True,True,False,0.576070,False,5.906050,0,0,ACEPTADA,13,6,29,datos/soluciones/busqueda_astar/escalabilidad_s1_n5_k2_m13__busqueda_astar__s1.sol,e10f5de7a5991c0ae940ab4d9f68f12f9cbe2cf85c9c25be1b09e2f9ced05edb,escalabilidad-0037,2026-10-04T15:22:56,0.5
escalabilidad,n5_k2_m13,escalabilidad_s1_n5_k2_m13,5,2,13,1,evolutivo,1,10.000000,ok,True,13,2,35,5.502000,15384,fitness_evaluations,victoria,True,,False,0.550200,False,5.663053,0,0,ACEPTADA,13,2,35,datos/soluciones/evolutivo/escalabilidad_s1_n5_k2_m13__evolutivo__s1.sol,15530f4032b774e58e7b8dc08ed77fe038d3679b679f163eda9960ea1b50bf6a,escalabilidad-0038,2026-10-04T15:23:02,0.5
escalabilidad,n5_k2_m13,escalabilidad_s2_n5_k2_m13,5,2,13,2,busqueda_astar,2,10.000000,ok,True,13,6,32,6.952300,22000,expanded_nodes,victoria,True,True,False,0.695230,False,7.093648,0,0,ACEPTADA,13,6,32,datos/soluciones/busqueda_astar/escalabilidad_s2_n5_k2_m13__busqueda_astar__s2.sol,36c5d91fbb4271351990311b252a7049cd9c624fbd800374a881323407279771,escalabilidad-0039,2026-10-04T15:23:08,0.5
escalabilidad,n5_k2_m13,escalabilidad_s2_n5_k2_m13,5,2,13,2,evolutivo,2,10.000000,ok,True,13,2,34,5.778800,15384,fitness_evaluations,victoria,True,,False,0.577880,False,5.903692,0,0,ACEPTADA,13,2,34,datos/soluciones/evolutivo/escalabilidad_s2_n5_k2_m13__evolutivo__s2.sol,64882c1879df0d6b6d745c0dbebcbc54f57c3f0b2d317116b270cf41735fa3d7,escalabilidad-0040,2026-10-04T15:23:15,0.5
escalabilidad,n5_k2_m13,escalabilidad_s3_n5_k2_m13,5,2,13,3,busqueda_astar,3,10.000000,ok,True,13,5,18,5.905700,22000,expanded_nodes,victoria,True,True,False,0.590570,False,6.050240,0,0,ACEPTADA,13,5,18,datos/soluciones/busqueda_astar/escalabilidad_s3_n5_k2_m13__busqueda_astar__s3.sol,008255ce69a5e4133ab4cf30320fcef2d33c0257ad72b773607b97d18b13963a,escalabilidad-0041,2026-10-04T15:23:21,0.5
escalabilidad,n5_k2_m13,escalabilidad_s3_n5_k2_m13,5,2,13,3,evolutivo,3,10.000000,ok,True,13,2,28,5.465500,15384,fitness_evaluations,victoria,True,,False,0.546550,False,5.590474,0,0,ACEPTADA,13,2,28,datos/soluciones/evolutivo/escalabilidad_s3_n5_k2_m13__evolutivo__s3.sol,a9def0374f76847a7793e759537b8f960837ac7a4a08563725b16ed25ac55ced,escalabilidad-0042,2026-10-04T15:23:27,0.5
escalabilidad,n5_k3_m13,escalabilidad_s1_n5_k3_m13,5,3,13,1,busqueda_astar,1,10.000000,ok,True,13,6,33,5.422300,22000,expanded_nodes,victoria,True,True,False,0.542230,False,5.561037,0,0,ACEPTADA,13,6,33,datos/soluciones/busqueda_astar/escalabilidad_s1_n5_k3_m13__busqueda_astar__s1.sol,349b272de9d2497ff49a1c184816b5c4654cbd3d3c62f77aef5cfdbc71ab05c4,escalabilidad-0043,2026-10-04T15:23:33,0.5
escalabilidad,n5_k3_m13,escalabilidad_s1_n5_k3_m13,5,3,13,1,evolutivo,1,10.000000,ok,True,13,3,41,5.494900,15384,fitness_evaluations,victoria,True,,False,0.549490,False,5.614483,0,0,ACEPTADA,13,3,41,datos/soluciones/evolutivo/escalabilidad_s1_n5_k3_m13__evolutivo__s1.sol,7ba1f698a3f5662976711dc1a98c30a957be20e325c4aa2b3796bdb2e52b15e2,escalabilidad-0044,2026-10-04T15:23:39,0.5
escalabilidad,n5_k3_m13,escalabilidad_s2_n5_k3_m13,5,3,13,2,busqueda_astar,2,10.000000,ok,True,13,6,24,5.345800,22000,expanded_nodes,victoria,True,True,False,0.534580,False,5.491637,0,0,ACEPTADA,13,6,24,datos/soluciones/busqueda_astar/escalabilidad_s2_n5_k3_m13__busqueda_astar__s2.sol,5d4906b1f00cb16f903c25ea529be94de50c70dcfccec20d1b5190bfe989d6ad,escalabilidad-0045,2026-10-04T15:23:45,0.5
escalabilidad,n5_k3_m13,escalabilidad_s2_n5_k3_m13,5,3,13,2,evolutivo,2,10.000000,ok,True,13,3,26,6.511600,15384,fitness_evaluations,victoria,True,,False,0.651160,False,6.641256,0,0,ACEPTADA,13,3,26,datos/soluciones/evolutivo/escalabilidad_s2_n5_k3_m13__evolutivo__s2.sol,1876a19c707c395dc621aac7fa6fddfd19257ccc75ccf4eb5a1b5ce9043830b6,escalabilidad-0046,2026-10-04T15:23:50,0.5
escalabilidad,n5_k3_m13,escalabilidad_s3_n5_k3_m13,5,3,13,3,busqueda_astar,3,10.000000,ok,True,13,8,28,6.357600,22000,expanded_nodes,victoria,True,True,False,0.635760,False,6.529231,0,0,ACEPTADA,13,8,28,datos/soluciones/busqueda_astar/escalabilidad_s3_n5_k3_m13__busqueda_astar__s3.sol,23cf5f43fb278f82074fa3f5be791f7dd6f054d13fd5d7e3c705b4242fcb0d32,escalabilidad-0047,2026-10-04T15:23:57,0.5
escalabilidad,n5_k3_m13,escalabilidad_s3_n5_k3_m13,5,3,13,3,evolutivo,3,10.000000,ok,True,13,3,44,6.364900,15384,fitness_evaluations,victoria,True,,False,0.636490,False,6.489379,0,0,ACEPTADA,13,3,44,datos/soluciones/evolutivo/escalabilidad_s3_n5_k3_m13__evolutivo__s3.sol,c2ff9cbb126e0b0d68530b748dbc76cc43798a9ac08eb1d70a73d1da21defc5c,escalabilidad-0048,2026-10-04T15:24:04,0.5
escalabilidad,n5_k4_m13,escalabilidad_s1_n5_k4_m13,5,4,13,1,busqueda_astar,1,10.000000,ok,True,13,8,18,5.111300,22000,expanded_nodes,victoria,True,True,False,0.511130,False,5.275791,0,0,ACEPTADA,13,8,18,datos/soluciones/busqueda_astar/escalabilidad_s1_n5_k4_m13__busqueda_astar__s1.sol,44115103b308a9c06463cee1f4357120ad25d7648fd047e11f337f7f915b229d,escalabilidad-0049,2026-10-04T15:24:11,0.5
escalabilidad,n5_k4_m13,escalabilidad_s1_n5_k4_m13,5,4,13,1,evolutivo,1,10.000000,ok,True,13,4,26,5.638200,15384,fitness_evaluations,victoria,True,,False,0.563820,False,5.768057,0,0,ACEPTADA,13,4,26,datos/soluciones/evolutivo/escalabilidad_s1_n5_k4_m13__evolutivo__s1.sol,214c73c6c038ad370c3d1eff53413230ebfc6003d93c372a5307991e48335767,escalabilidad-0050,2026-10-04T15:24:16,0.5
escalabilidad,n5_k4_m13,escalabilidad_s2_n5_k4_m13,5,4,13,2,busqueda_astar,2,10.000000,ok,True,13,9,19,4.734200,22000,expanded_nodes,victoria,True,True,False,0.473420,False,4.922020,0,0,ACEPTADA,13,9,19,datos/soluciones/busqueda_astar/escalabilidad_s2_n5_k4_m13__busqueda_astar__s2.sol,054cc4ea71a73396a0864a56c5000fe2694e4c990fa294b88136e393ba3ec62d,escalabilidad-0051,2026-10-04T15:24:22,0.5
escalabilidad,n5_k4_m13,escalabilidad_s2_n5_k4_m13,5,4,13,2,evolutivo,2,10.000000,ok,True,13,4,33,5.975600,15384,fitness_evaluations,victoria,True,,False,0.597560,False,6.105204,0,0,ACEPTADA,13,4,33,datos/soluciones/evolutivo/escalabilidad_s2_n5_k4_m13__evolutivo__s2.sol,f1dd06662bda30e41bf2743ba0895ea157b5d1c5e6697a74f047c04fd3cc759f,escalabilidad-0052,2026-10-04T15:24:27,0.5
escalabilidad,n5_k4_m13,escalabilidad_s3_n5_k4_m13,5,4,13,3,busqueda_astar,3,10.000000,ok,True,13,8,15,5.628400,22000,expanded_nodes,victoria,True,True,False,0.562840,False,5.786075,0,0,ACEPTADA,13,8,15,datos/soluciones/busqueda_astar/escalabilidad_s3_n5_k4_m13__busqueda_astar__s3.sol,1ab80a39c28b64c9703d49c0f1466f171bb162a3c2e19069cda5eef1e46a7512,escalabilidad-0053,2026-10-04T15:24:34,0.5
escalabilidad,n5_k4_m13,escalabilidad_s3_n5_k4_m13,5,4,13,3,evolutivo,3,10.000000,ok,True,13,3,24,6.009900,15384,fitness_evaluations,victoria,True,,False,0.600990,False,6.136316,0,0,ACEPTADA,13,3,24,datos/soluciones/evolutivo/escalabilidad_s3_n5_k4_m13__evolutivo__s3.sol,78d5c254050d4541a6650cd56c6b09f53eced9e3882033f3ff30ddb55b96b50c,escalabilidad-0054,2026-10-04T15:24:40,0.5
