experiment,config_id,N,K,M,rho,agent,effort_type,n_total,n_ok,prop_validated,prop_complete,prop_search_cutoff,prop_clock_safeguard,tiles_mean,tiles_std,tiles_min,tiles_max,occupied_mean,occupied_std,occupied_min,occupied_max,elapsed_s_mean,elapsed_s_std,elapsed_s_min,elapsed_s_max,effort_mean,effort_std,effort_min,effort_max
escalabilidad,n3_k2_m5,3,2,5,0.5,busqueda_astar,expanded_nodes,3,3,1.0000,1.0000,0.0000,0.0000,5,0,5,5,2,0,2,2,0.0863,0.1418,0.0024,0.2500,782.3333,1291.9684,17,2274
escalabilidad,n3_k2_m5,3,2,5,0.5,evolutivo,fitness_evaluations,3,3,1.0000,1.0000,,0.0000,5,0,5,5,2,0,2,2,5.5698,0.1711,5.3722,5.6702,40000,0,40000,40000
escalabilidad,n3_k3_m5,3,3,5,0.5,busqueda_astar,expanded_nodes,3,3,1.0000,1.0000,0.0000,0.0000,5,0,5,5,2.6667,0.5774,2,3,0.1215,0.1752,0.0020,0.3227,1177,1675.5539,17,3098
escalabilidad,n3_k3_m5,3,3,5,0.5,evolutivo,fitness_evaluations,3,3,1.0000,1.0000,,0.0000,5,0,5,5,2.6667,0.5774,2,3,5.3712,0.0806,5.2946,5.4553,40000,0,40000,40000
escalabilidad,n3_k4_m5,3,4,5,0.5,busqueda_astar,expanded_nodes,3,3,1.0000,1.0000,0.0000,0.0000,5,0,5,5,2.6667,0.5774,2,3,0.1618,0.1092,0.0395,0.2496,1650,1080.7997,402,2274
escalabilidad,n3_k4_m5,3,4,5,0.5,evolutivo,fitness_evaluations,3,3,1.0000,1.0000,,0.0000,5,0,5,5,2.6667,0.5774,2,3,5.5264,0.1111,5.4147,5.6368,40000,0,40000,40000
escalabilidad,n4_k2_m8,4,2,8,0.5,busqueda_astar,expanded_nodes,3,3,1.0000,1.0000,0.0000,0.0000,8,0,8,8,2,0,2,2,2.0711,1.7309,0.4853,3.9176,10750.3333,8627.5161,2781,19912
escalabilidad,n4_k2_m8,4,2,8,0.5,evolutivo,fitness_evaluations,3,3,1.0000,1.0000,,0.0000,8,0,8,8,2,0,2,2,5.7271,0.2005,5.5106,5.9063,25000,0,25000,25000
escalabilidad,n4_k3_m8,4,3,8,0.5,busqueda_astar,expanded_nodes,3,3,1.0000,1.0000,0.6667,0.0000,8,0,8,8,3,0,3,3,4.2137,0.6316,3.4911,4.6604,20995,1740.7111,18985,22000
escalabilidad,n4_k3_m8,4,3,8,0.5,evolutivo,fitness_evaluations,3,3,1.0000,1.0000,,0.0000,8,0,8,8,3,0,3,3,5.5856,0.3884,5.3064,6.0292,25000,0,25000,25000
escalabilidad,n4_k4_m8,4,4,8,0.5,busqueda_astar,expanded_nodes,3,3,1.0000,1.0000,0.3333,0.0000,8,0,8,8,3,0,3,3,2.1043,1.8694,0.4184,4.1147,11647.3333,9695.3278,2781,22000
escalabilidad,n4_k4_m8,4,4,8,0.5,evolutivo,fitness_evaluations,3,3,1.0000,1.0000,,0.0000,8,0,8,8,3,0,3,3,5.6030,0.2301,5.4387,5.8660,25000,0,25000,25000
escalabilidad,n5_k2_m13,5,2,13,0.5,busqueda_astar,expanded_nodes,3,3,1.0000,1.0000,1.0000,0.0000,13,0,13,13,5.6667,0.5774,5,6,6.2062,0.6502,5.7607,6.9523,22000,0,22000,22000
escalabilidad,n5_k2_m13,5,2,13,0.5,evolutivo,fitness_evaluations,3,3,1.0000,1.0000,,0.0000,13,0,13,13,2,0,2,2,5.5821,0.1713,5.4655,5.7788,15384,0,15384,15384
escalabilidad,n5_k3_m13,5,3,13,0.5,busqueda_astar,expanded_nodes,3,3,1.0000,1.0000,1.0000,0.0000,13,0,13,13,6.6667,1.1547,6,8,5.7086,0.5634,5.3458,6.3576,22000,0,22000,22000
escalabilidad,n5_k3_m13,5,3,13,0.5,evolutivo,fitness_evaluations,3,3,1.0000,1.0000,,0.0000,13,0,13,13,3,0,3,3,6.1238,0.5496,5.4949,6.5116,15384,0,15384,15384
escalabilidad,n5_k4_m13,5,4,13,0.5,busqueda_astar,expanded_nodes,3,3,1.0000,1.0000,1.0000,0.0000,13,0,13,13,8.3333,0.5774,8,9,5.1580,0.4489,4.7342,5.6284,22000,0,22000,22000
escalabilidad,n5_k4_m13,5,4,13,0.5,evolutivo,fitness_evaluations,3,3,1.0000,1.0000,,0.0000,13,0,13,13,3.6667,0.5774,3,4,5.8746,0.2054,5.6382,6.0099,15384,0,15384,15384
