configuracion,poblacion,torneo,cruce,n,k,m,semilla,colocadas,ocupadas,tiempo_s,evaluaciones,valida,salvaguarda_reloj
base,20,3,0.7,4,3,12,101,12,3,4.061174300000857,16666,True,False
poblacion=10,10,3,0.7,4,3,12,101,12,3,4.598640099999102,16666,True,False
poblacion=40,40,3,0.7,4,3,12,101,12,3,4.062981799999761,16666,True,False
torneo=2,20,2,0.7,4,3,12,101,12,3,4.360065599999871,16666,True,False
torneo=5,20,5,0.7,4,3,12,101,12,3,3.9712216000007174,16666,True,False
cruce=0.5,20,3,0.5,4,3,12,101,12,3,3.5977428000005602,16666,True,False
cruce=0.9,20,3,0.9,4,3,12,101,12,3,4.0107544000002235,16666,True,False
base,20,3,0.7,4,3,12,102,12,3,3.690224700001636,16666,True,False
poblacion=10,10,3,0.7,4,3,12,102,12,3,3.9142332000010356,16666,True,False
poblacion=40,40,3,0.7,4,3,12,102,12,3,3.939304200001061,16666,True,False
torneo=2,20,2,0.7,4,3,12,102,12,3,3.697203800000352,16666,True,False
torneo=5,20,5,0.7,4,3,12,102,12,3,3.56004589999975,16666,True,False
cruce=0.5,20,3,0.5,4,3,12,102,12,3,3.576925499999561,16666,True,False
cruce=0.9,20,3,0.9,4,3,12,102,12,3,3.865902100000312,16666,True,False
base,20,3,0.7,4,3,12,103,12,3,4.012686300000496,16666,True,False
poblacion=10,10,3,0.7,4,3,12,103,12,3,3.6847533999989537,16666,True,False
poblacion=40,40,3,0.7,4,3,12,103,12,3,3.5211488000004465,16666,True,False
torneo=2,20,2,0.7,4,3,12,103,12,3,3.6847567000004346,16666,True,False
torneo=5,20,5,0.7,4,3,12,103,12,3,3.4958843999993405,16666,True,False
cruce=0.5,20,3,0.5,4,3,12,103,12,3,4.174052700000175,16666,True,False
cruce=0.9,20,3,0.9,4,3,12,103,12,3,3.8998615000000427,16666,True,False
base,20,3,0.7,5,3,20,101,20,3,3.952560599998833,10000,True,False
poblacion=10,10,3,0.7,5,3,20,101,20,3,4.3433854000013525,10000,True,False
poblacion=40,40,3,0.7,5,3,20,101,20,3,4.133297300000777,10000,True,False
torneo=2,20,2,0.7,5,3,20,101,20,3,4.06579740000052,10000,True,False
torneo=5,20,5,0.7,5,3,20,101,20,3,4.219254300000102,10000,True,False
cruce=0.5,20,3,0.5,5,3,20,101,20,3,4.015762200000609,10000,True,False
cruce=0.9,20,3,0.9,5,3,20,101,20,3,3.942060199999105,10000,True,False
base,20,3,0.7,5,3,20,102,20,3,4.97397649999948,10000,True,False
poblacion=10,10,3,0.7,5,3,20,102,20,3,5.178825900000447,10000,True,False
poblacion=40,40,3,0.7,5,3,20,102,20,3,4.388758600000074,10000,True,False
torneo=2,20,2,0.7,5,3,20,102,20,3,5.124794800000018,10000,True,False
torneo=5,20,5,0.7,5,3,20,102,20,3,4.887634299999263,10000,True,False
cruce=0.5,20,3,0.5,5,3,20,102,20,3,4.858753399999841,10000,True,False
cruce=0.9,20,3,0.9,5,3,20,102,20,3,3.579092200001469,10000,True,False
base,20,3,0.7,5,3,20,103,20,3,3.8437759000007645,10000,True,False
poblacion=10,10,3,0.7,5,3,20,103,20,3,4.101068400001168,10000,True,False
poblacion=40,40,3,0.7,5,3,20,103,20,3,4.542757899998833,10000,True,False
torneo=2,20,2,0.7,5,3,20,103,20,3,4.244172799999433,10000,True,False
torneo=5,20,5,0.7,5,3,20,103,20,3,4.3648857999996835,10000,True,False
cruce=0.5,20,3,0.5,5,3,20,103,20,3,4.070346799999243,10000,True,False
cruce=0.9,20,3,0.9,5,3,20,103,20,3,4.863695100000768,10000,True,False
base,20,3,0.7,6,4,30,101,30,4,4.484380699999747,6666,True,False
poblacion=10,10,3,0.7,6,4,30,101,30,4,4.640664700000343,6666,True,False
poblacion=40,40,3,0.7,6,4,30,101,30,4,4.6753837000014755,6666,True,False
torneo=2,20,2,0.7,6,4,30,101,30,4,4.4723085000005085,6666,True,False
torneo=5,20,5,0.7,6,4,30,101,30,4,4.355073200000334,6666,True,False
cruce=0.5,20,3,0.5,6,4,30,101,30,4,4.8441719000002195,6666,True,False
cruce=0.9,20,3,0.9,6,4,30,101,30,4,4.165159600001061,6666,True,False
base,20,3,0.7,6,4,30,102,30,4,3.7753529000001436,6666,True,False
poblacion=10,10,3,0.7,6,4,30,102,30,4,3.8230228000011266,6666,True,False
poblacion=40,40,3,0.7,6,4,30,102,30,4,4.387875899999926,6666,True,False
torneo=2,20,2,0.7,6,4,30,102,30,4,3.9782162999999855,6666,True,False
torneo=5,20,5,0.7,6,4,30,102,30,4,4.058393499999511,6666,True,False
cruce=0.5,20,3,0.5,6,4,30,102,30,4,3.6941136000004917,6666,True,False
cruce=0.9,20,3,0.9,6,4,30,102,30,4,3.9857264999991457,6666,True,False
base,20,3,0.7,6,4,30,103,30,4,4.607388499998706,6666,True,False
poblacion=10,10,3,0.7,6,4,30,103,30,4,3.881938900000023,6666,True,False
poblacion=40,40,3,0.7,6,4,30,103,30,4,4.570213199998761,6666,True,False
torneo=2,20,2,0.7,6,4,30,103,30,4,4.267103700000007,6666,True,False
torneo=5,20,5,0.7,6,4,30,103,30,4,4.415689600000405,6666,True,False
cruce=0.5,20,3,0.5,6,4,30,103,30,5,5.022489300001325,6666,True,False
cruce=0.9,20,3,0.9,6,4,30,103,30,5,4.766003900000214,6666,True,False
