experiment,config_id,instance,N,K,M,instance_seed,agent,agent_seed,timeout_s,status,validated,tiles_placed,occupied_cells,largest_tile,elapsed_s,effort,effort_type,result,complete,search_cutoff,time_fraction,exceeded_limit,wall_s,return_code,validator_return_code,validator_verdict,validator_tiles,validator_occupied,validator_largest,solution_path,solution_sha256,run_id,timestamp,repeat
determinismo,ejemplo_n4_k3_m6,ejemplo_n4_k3_m6,4,3,6,,busqueda_astar,1,10.000000,ok,True,6,3,6,0.045500,502,expanded_nodes,victoria,True,False,0.004550,False,0.208258,0,0,ACEPTADA,6,3,6,resultados/experimentos/determinismo/soluciones/ejemplo_n4_k3_m6__busqueda_astar__s1__t10__r1.sol,bbc13b181996aca6b650ab3e0c6ce184d1b7ff625a9a1766400a903286857e46,determinismo-0001,2026-09-30T13:44:16,1
determinismo,ejemplo_n4_k3_m6,ejemplo_n4_k3_m6,4,3,6,,busqueda_astar,1,10.000000,ok,True,6,3,6,0.046300,502,expanded_nodes,victoria,True,False,0.004630,False,0.202804,0,0,ACEPTADA,6,3,6,resultados/experimentos/determinismo/soluciones/ejemplo_n4_k3_m6__busqueda_astar__s1__t10__r2.sol,bbc13b181996aca6b650ab3e0c6ce184d1b7ff625a9a1766400a903286857e46,determinismo-0002,2026-09-30T13:44:16,2
determinismo,ejemplo_n4_k3_m6,ejemplo_n4_k3_m6,4,3,6,,busqueda_astar,1,10.000000,ok,True,6,3,6,0.047800,502,expanded_nodes,victoria,True,False,0.004780,False,0.212024,0,0,ACEPTADA,6,3,6,resultados/experimentos/determinismo/soluciones/ejemplo_n4_k3_m6__busqueda_astar__s1__t10__r3.sol,bbc13b181996aca6b650ab3e0c6ce184d1b7ff625a9a1766400a903286857e46,determinismo-0003,2026-09-30T13:44:16,3
determinismo,ejemplo_n4_k3_m6,ejemplo_n4_k3_m6,4,3,6,,busqueda_astar,1,10.000000,ok,True,6,3,6,0.045800,502,expanded_nodes,victoria,True,False,0.004580,False,0.211541,0,0,ACEPTADA,6,3,6,resultados/experimentos/determinismo/soluciones/ejemplo_n4_k3_m6__busqueda_astar__s1__t10__r4.sol,bbc13b181996aca6b650ab3e0c6ce184d1b7ff625a9a1766400a903286857e46,determinismo-0004,2026-09-30T13:44:17,4
determinismo,ejemplo_n4_k3_m6,ejemplo_n4_k3_m6,4,3,6,,busqueda_astar,1,10.000000,ok,True,6,3,6,0.047100,502,expanded_nodes,victoria,True,False,0.004710,False,0.207599,0,0,ACEPTADA,6,3,6,resultados/experimentos/determinismo/soluciones/ejemplo_n4_k3_m6__busqueda_astar__s1__t10__r5.sol,bbc13b181996aca6b650ab3e0c6ce184d1b7ff625a9a1766400a903286857e46,determinismo-0005,2026-09-30T13:44:17,5
determinismo,ejemplo_n4_k3_m6,ejemplo_n4_k3_m6,4,3,6,,evolutivo,1,10.000000,ok,True,6,3,6,9.800000,92071,fitness_evaluations,victoria,True,,0.980000,False,9.963341,0,0,ACEPTADA,6,3,6,resultados/experimentos/determinismo/soluciones/ejemplo_n4_k3_m6__evolutivo__s1__t10__r1.sol,fd6efcd556be976d3042ab3b170fdf9519bdcb18568c2c03eacfb00450f490cf,determinismo-0006,2026-09-30T13:44:17,1
determinismo,ejemplo_n4_k3_m6,ejemplo_n4_k3_m6,4,3,6,,evolutivo,1,10.000000,ok,True,6,3,6,9.800000,92857,fitness_evaluations,victoria,True,,0.980000,False,9.954904,0,0,ACEPTADA,6,3,6,resultados/experimentos/determinismo/soluciones/ejemplo_n4_k3_m6__evolutivo__s1__t10__r2.sol,fd6efcd556be976d3042ab3b170fdf9519bdcb18568c2c03eacfb00450f490cf,determinismo-0007,2026-09-30T13:44:28,2
determinismo,ejemplo_n4_k3_m6,ejemplo_n4_k3_m6,4,3,6,,evolutivo,1,10.000000,ok,True,6,3,6,9.800100,93022,fitness_evaluations,victoria,True,,0.980010,False,9.964389,0,0,ACEPTADA,6,3,6,resultados/experimentos/determinismo/soluciones/ejemplo_n4_k3_m6__evolutivo__s1__t10__r3.sol,fd6efcd556be976d3042ab3b170fdf9519bdcb18568c2c03eacfb00450f490cf,determinismo-0008,2026-09-30T13:44:38,3
determinismo,ejemplo_n4_k3_m6,ejemplo_n4_k3_m6,4,3,6,,evolutivo,1,10.000000,ok,True,6,3,6,9.800200,93228,fitness_evaluations,victoria,True,,0.980020,False,9.955923,0,0,ACEPTADA,6,3,6,resultados/experimentos/determinismo/soluciones/ejemplo_n4_k3_m6__evolutivo__s1__t10__r4.sol,fd6efcd556be976d3042ab3b170fdf9519bdcb18568c2c03eacfb00450f490cf,determinismo-0009,2026-09-30T13:44:48,4
determinismo,ejemplo_n4_k3_m6,ejemplo_n4_k3_m6,4,3,6,,evolutivo,1,10.000000,ok,True,6,3,6,9.800000,93581,fitness_evaluations,victoria,True,,0.980000,False,9.954464,0,0,ACEPTADA,6,3,6,resultados/experimentos/determinismo/soluciones/ejemplo_n4_k3_m6__evolutivo__s1__t10__r5.sol,fd6efcd556be976d3042ab3b170fdf9519bdcb18568c2c03eacfb00450f490cf,determinismo-0010,2026-09-30T13:44:58,5
determinismo,ejemplo_n5_k3_m12,ejemplo_n5_k3_m12,5,3,12,,busqueda_astar,1,10.000000,ok,True,12,6,11,8.788600,56341,expanded_nodes,victoria,True,True,0.878860,False,8.972523,0,0,ACEPTADA,12,6,11,resultados/experimentos/determinismo/soluciones/ejemplo_n5_k3_m12__busqueda_astar__s1__t10__r1.sol,398eb0298b53bcaf31682a9975d7bb7a31618dc6e7b13c156a8124d35dab9c5c,determinismo-0011,2026-09-30T13:45:08,1
determinismo,ejemplo_n5_k3_m12,ejemplo_n5_k3_m12,5,3,12,,busqueda_astar,1,10.000000,ok,True,12,6,11,8.792000,55977,expanded_nodes,victoria,True,True,0.879200,False,8.955922,0,0,ACEPTADA,12,6,11,resultados/experimentos/determinismo/soluciones/ejemplo_n5_k3_m12__busqueda_astar__s1__t10__r2.sol,398eb0298b53bcaf31682a9975d7bb7a31618dc6e7b13c156a8124d35dab9c5c,determinismo-0012,2026-09-30T13:45:17,2
determinismo,ejemplo_n5_k3_m12,ejemplo_n5_k3_m12,5,3,12,,busqueda_astar,1,10.000000,ok,True,12,6,11,8.787300,55606,expanded_nodes,victoria,True,True,0.878730,False,8.947467,0,0,ACEPTADA,12,6,11,resultados/experimentos/determinismo/soluciones/ejemplo_n5_k3_m12__busqueda_astar__s1__t10__r3.sol,398eb0298b53bcaf31682a9975d7bb7a31618dc6e7b13c156a8124d35dab9c5c,determinismo-0013,2026-09-30T13:45:26,3
determinismo,ejemplo_n5_k3_m12,ejemplo_n5_k3_m12,5,3,12,,busqueda_astar,1,10.000000,ok,True,12,6,11,8.780000,55376,expanded_nodes,victoria,True,True,0.878000,False,8.940603,0,0,ACEPTADA,12,6,11,resultados/experimentos/determinismo/soluciones/ejemplo_n5_k3_m12__busqueda_astar__s1__t10__r4.sol,398eb0298b53bcaf31682a9975d7bb7a31618dc6e7b13c156a8124d35dab9c5c,determinismo-0014,2026-09-30T13:45:35,4
determinismo,ejemplo_n5_k3_m12,ejemplo_n5_k3_m12,5,3,12,,busqueda_astar,1,10.000000,ok,True,12,6,11,8.774800,53452,expanded_nodes,victoria,True,True,0.877480,False,8.932096,0,0,ACEPTADA,12,6,11,resultados/experimentos/determinismo/soluciones/ejemplo_n5_k3_m12__busqueda_astar__s1__t10__r5.sol,398eb0298b53bcaf31682a9975d7bb7a31618dc6e7b13c156a8124d35dab9c5c,determinismo-0015,2026-09-30T13:45:45,5
determinismo,ejemplo_n5_k3_m12,ejemplo_n5_k3_m12,5,3,12,,evolutivo,1,10.000000,ok,True,12,3,12,9.800000,45309,fitness_evaluations,victoria,True,,0.980000,False,9.968407,0,0,ACEPTADA,12,3,12,resultados/experimentos/determinismo/soluciones/ejemplo_n5_k3_m12__evolutivo__s1__t10__r1.sol,d0c0391cdb8dbb5e06dd0d194980171c30704463cc01e87367b74e663b9ac499,determinismo-0016,2026-09-30T13:45:54,1
determinismo,ejemplo_n5_k3_m12,ejemplo_n5_k3_m12,5,3,12,,evolutivo,1,10.000000,ok,True,12,3,12,9.800100,48204,fitness_evaluations,victoria,True,,0.980010,False,9.954431,0,0,ACEPTADA,12,3,12,resultados/experimentos/determinismo/soluciones/ejemplo_n5_k3_m12__evolutivo__s1__t10__r2.sol,d0c0391cdb8dbb5e06dd0d194980171c30704463cc01e87367b74e663b9ac499,determinismo-0017,2026-09-30T13:46:04,2
determinismo,ejemplo_n5_k3_m12,ejemplo_n5_k3_m12,5,3,12,,evolutivo,1,10.000000,ok,True,12,3,12,9.800000,48372,fitness_evaluations,victoria,True,,0.980000,False,9.950597,0,0,ACEPTADA,12,3,12,resultados/experimentos/determinismo/soluciones/ejemplo_n5_k3_m12__evolutivo__s1__t10__r3.sol,d0c0391cdb8dbb5e06dd0d194980171c30704463cc01e87367b74e663b9ac499,determinismo-0018,2026-09-30T13:46:14,3
determinismo,ejemplo_n5_k3_m12,ejemplo_n5_k3_m12,5,3,12,,evolutivo,1,10.000000,ok,True,12,3,12,9.800000,48467,fitness_evaluations,victoria,True,,0.980000,False,9.948191,0,0,ACEPTADA,12,3,12,resultados/experimentos/determinismo/soluciones/ejemplo_n5_k3_m12__evolutivo__s1__t10__r4.sol,d0c0391cdb8dbb5e06dd0d194980171c30704463cc01e87367b74e663b9ac499,determinismo-0019,2026-09-30T13:46:24,4
determinismo,ejemplo_n5_k3_m12,ejemplo_n5_k3_m12,5,3,12,,evolutivo,1,10.000000,ok,True,12,3,12,9.800100,48087,fitness_evaluations,victoria,True,,0.980010,False,9.950390,0,0,ACEPTADA,12,3,12,resultados/experimentos/determinismo/soluciones/ejemplo_n5_k3_m12__evolutivo__s1__t10__r5.sol,d0c0391cdb8dbb5e06dd0d194980171c30704463cc01e87367b74e663b9ac499,determinismo-0020,2026-09-30T13:46:34,5
determinismo,ciega_n5_k4_m15,ciega_n5_k4_m15,5,4,15,,busqueda_astar,1,10.000000,ok,True,15,8,10,8.790400,74806,expanded_nodes,victoria,True,True,0.879040,False,8.947987,0,0,ACEPTADA,15,8,10,resultados/experimentos/determinismo/soluciones/ciega_n5_k4_m15__busqueda_astar__s1__t10__r1.sol,9c6c171fb2f5fbec9d60ca0ef1ce48ea07dc39c360d78168ed17a79a1ed9077b,determinismo-0021,2026-09-30T13:46:44,1
determinismo,ciega_n5_k4_m15,ciega_n5_k4_m15,5,4,15,,busqueda_astar,1,10.000000,ok,True,15,8,10,8.778400,73266,expanded_nodes,victoria,True,True,0.877840,False,8.933093,0,0,ACEPTADA,15,8,10,resultados/experimentos/determinismo/soluciones/ciega_n5_k4_m15__busqueda_astar__s1__t10__r2.sol,9c6c171fb2f5fbec9d60ca0ef1ce48ea07dc39c360d78168ed17a79a1ed9077b,determinismo-0022,2026-09-30T13:46:53,2
determinismo,ciega_n5_k4_m15,ciega_n5_k4_m15,5,4,15,,busqueda_astar,1,10.000000,ok,True,15,8,10,8.776600,68954,expanded_nodes,victoria,True,True,0.877660,False,8.946391,0,0,ACEPTADA,15,8,10,resultados/experimentos/determinismo/soluciones/ciega_n5_k4_m15__busqueda_astar__s1__t10__r3.sol,9c6c171fb2f5fbec9d60ca0ef1ce48ea07dc39c360d78168ed17a79a1ed9077b,determinismo-0023,2026-09-30T13:47:02,3
determinismo,ciega_n5_k4_m15,ciega_n5_k4_m15,5,4,15,,busqueda_astar,1,10.000000,ok,True,15,8,10,8.833100,65387,expanded_nodes,victoria,True,True,0.883310,False,9.022093,0,0,ACEPTADA,15,8,10,resultados/experimentos/determinismo/soluciones/ciega_n5_k4_m15__busqueda_astar__s1__t10__r4.sol,9c6c171fb2f5fbec9d60ca0ef1ce48ea07dc39c360d78168ed17a79a1ed9077b,determinismo-0024,2026-09-30T13:47:12,4
determinismo,ciega_n5_k4_m15,ciega_n5_k4_m15,5,4,15,,busqueda_astar,1,10.000000,ok,True,15,8,10,8.760800,64256,expanded_nodes,victoria,True,True,0.876080,False,8.931558,0,0,ACEPTADA,15,8,10,resultados/experimentos/determinismo/soluciones/ciega_n5_k4_m15__busqueda_astar__s1__t10__r5.sol,9c6c171fb2f5fbec9d60ca0ef1ce48ea07dc39c360d78168ed17a79a1ed9077b,determinismo-0025,2026-09-30T13:47:21,5
determinismo,ciega_n5_k4_m15,ciega_n5_k4_m15,5,4,15,,evolutivo,1,10.000000,ok,True,15,4,11,9.800200,39590,fitness_evaluations,victoria,True,,0.980020,False,9.951663,0,0,ACEPTADA,15,4,11,resultados/experimentos/determinismo/soluciones/ciega_n5_k4_m15__evolutivo__s1__t10__r1.sol,d56e1226949471bbbdd809eddb78cd9dbc712c7bfaa31602d580c39d0da11329,determinismo-0026,2026-09-30T13:47:30,1
determinismo,ciega_n5_k4_m15,ciega_n5_k4_m15,5,4,15,,evolutivo,1,10.000000,ok,True,15,4,11,9.800100,40492,fitness_evaluations,victoria,True,,0.980010,False,9.952799,0,0,ACEPTADA,15,4,11,resultados/experimentos/determinismo/soluciones/ciega_n5_k4_m15__evolutivo__s1__t10__r2.sol,d56e1226949471bbbdd809eddb78cd9dbc712c7bfaa31602d580c39d0da11329,determinismo-0027,2026-09-30T13:47:40,2
determinismo,ciega_n5_k4_m15,ciega_n5_k4_m15,5,4,15,,evolutivo,1,10.000000,ok,True,15,4,11,9.800100,40900,fitness_evaluations,victoria,True,,0.980010,False,9.977498,0,0,ACEPTADA,15,4,11,resultados/experimentos/determinismo/soluciones/ciega_n5_k4_m15__evolutivo__s1__t10__r3.sol,d56e1226949471bbbdd809eddb78cd9dbc712c7bfaa31602d580c39d0da11329,determinismo-0028,2026-09-30T13:47:50,3
determinismo,ciega_n5_k4_m15,ciega_n5_k4_m15,5,4,15,,evolutivo,1,10.000000,ok,True,15,4,11,9.800200,40979,fitness_evaluations,victoria,True,,0.980020,False,9.957020,0,0,ACEPTADA,15,4,11,resultados/experimentos/determinismo/soluciones/ciega_n5_k4_m15__evolutivo__s1__t10__r4.sol,d56e1226949471bbbdd809eddb78cd9dbc712c7bfaa31602d580c39d0da11329,determinismo-0029,2026-09-30T13:48:00,4
determinismo,ciega_n5_k4_m15,ciega_n5_k4_m15,5,4,15,,evolutivo,1,10.000000,ok,True,15,4,11,9.800000,40456,fitness_evaluations,victoria,True,,0.980000,False,9.969584,0,0,ACEPTADA,15,4,11,resultados/experimentos/determinismo/soluciones/ciega_n5_k4_m15__evolutivo__s1__t10__r5.sol,d56e1226949471bbbdd809eddb78cd9dbc712c7bfaa31602d580c39d0da11329,determinismo-0030,2026-09-30T13:48:10,5
determinismo,ejemplo_n6_k4_m24,ejemplo_n6_k4_m24,6,4,24,,busqueda_astar,1,10.000000,ok,True,24,18,11,8.785900,56768,expanded_nodes,victoria,True,True,0.878590,False,8.942172,0,0,ACEPTADA,24,18,11,resultados/experimentos/determinismo/soluciones/ejemplo_n6_k4_m24__busqueda_astar__s1__t10__r1.sol,59c7a6e0af6c3700da49cb7901a661f11346fdf9ab04b065379cc56422054990,determinismo-0031,2026-09-30T13:48:20,1
determinismo,ejemplo_n6_k4_m24,ejemplo_n6_k4_m24,6,4,24,,busqueda_astar,1,10.000000,ok,True,24,18,11,8.793900,57357,expanded_nodes,victoria,True,True,0.879390,False,8.958410,0,0,ACEPTADA,24,18,11,resultados/experimentos/determinismo/soluciones/ejemplo_n6_k4_m24__busqueda_astar__s1__t10__r2.sol,59c7a6e0af6c3700da49cb7901a661f11346fdf9ab04b065379cc56422054990,determinismo-0032,2026-09-30T13:48:30,2
determinismo,ejemplo_n6_k4_m24,ejemplo_n6_k4_m24,6,4,24,,busqueda_astar,1,10.000000,ok,True,24,18,11,8.812000,58231,expanded_nodes,victoria,True,True,0.881200,False,8.978012,0,0,ACEPTADA,24,18,11,resultados/experimentos/determinismo/soluciones/ejemplo_n6_k4_m24__busqueda_astar__s1__t10__r3.sol,59c7a6e0af6c3700da49cb7901a661f11346fdf9ab04b065379cc56422054990,determinismo-0033,2026-09-30T13:48:39,3
determinismo,ejemplo_n6_k4_m24,ejemplo_n6_k4_m24,6,4,24,,busqueda_astar,1,10.000000,ok,True,24,18,11,8.824500,58679,expanded_nodes,victoria,True,True,0.882450,False,9.018980,0,0,ACEPTADA,24,18,11,resultados/experimentos/determinismo/soluciones/ejemplo_n6_k4_m24__busqueda_astar__s1__t10__r4.sol,59c7a6e0af6c3700da49cb7901a661f11346fdf9ab04b065379cc56422054990,determinismo-0034,2026-09-30T13:48:48,4
determinismo,ejemplo_n6_k4_m24,ejemplo_n6_k4_m24,6,4,24,,busqueda_astar,1,10.000000,ok,True,24,18,11,8.791600,59236,expanded_nodes,victoria,True,True,0.879160,False,8.989007,0,0,ACEPTADA,24,18,11,resultados/experimentos/determinismo/soluciones/ejemplo_n6_k4_m24__busqueda_astar__s1__t10__r5.sol,59c7a6e0af6c3700da49cb7901a661f11346fdf9ab04b065379cc56422054990,determinismo-0035,2026-09-30T13:48:57,5
determinismo,ejemplo_n6_k4_m24,ejemplo_n6_k4_m24,6,4,24,,evolutivo,1,10.000000,ok,True,24,4,18,9.800200,25934,fitness_evaluations,victoria,True,,0.980020,False,9.967282,0,0,ACEPTADA,24,4,18,resultados/experimentos/determinismo/soluciones/ejemplo_n6_k4_m24__evolutivo__s1__t10__r1.sol,bd0f1c11804d552281f48e7032a1b1cd030f509bd79f317bdfa76bdc96335f11,determinismo-0036,2026-09-30T13:49:06,1
determinismo,ejemplo_n6_k4_m24,ejemplo_n6_k4_m24,6,4,24,,evolutivo,1,10.000000,ok,True,24,4,18,9.800100,26427,fitness_evaluations,victoria,True,,0.980010,False,9.951882,0,0,ACEPTADA,24,4,18,resultados/experimentos/determinismo/soluciones/ejemplo_n6_k4_m24__evolutivo__s1__t10__r2.sol,bd0f1c11804d552281f48e7032a1b1cd030f509bd79f317bdfa76bdc96335f11,determinismo-0037,2026-09-30T13:49:16,2
determinismo,ejemplo_n6_k4_m24,ejemplo_n6_k4_m24,6,4,24,,evolutivo,1,10.000000,ok,True,24,4,18,9.800300,26212,fitness_evaluations,victoria,True,,0.980030,False,9.987256,0,0,ACEPTADA,24,4,18,resultados/experimentos/determinismo/soluciones/ejemplo_n6_k4_m24__evolutivo__s1__t10__r3.sol,bd0f1c11804d552281f48e7032a1b1cd030f509bd79f317bdfa76bdc96335f11,determinismo-0038,2026-09-30T13:49:26,3
determinismo,ejemplo_n6_k4_m24,ejemplo_n6_k4_m24,6,4,24,,evolutivo,1,10.000000,ok,True,24,4,18,9.802000,26465,fitness_evaluations,victoria,True,,0.980200,False,9.960873,0,0,ACEPTADA,24,4,18,resultados/experimentos/determinismo/soluciones/ejemplo_n6_k4_m24__evolutivo__s1__t10__r4.sol,bd0f1c11804d552281f48e7032a1b1cd030f509bd79f317bdfa76bdc96335f11,determinismo-0039,2026-09-30T13:49:37,4
determinismo,ejemplo_n6_k4_m24,ejemplo_n6_k4_m24,6,4,24,,evolutivo,1,10.000000,ok,True,24,4,18,9.800400,27104,fitness_evaluations,victoria,True,,0.980040,False,9.980641,0,0,ACEPTADA,24,4,18,resultados/experimentos/determinismo/soluciones/ejemplo_n6_k4_m24__evolutivo__s1__t10__r5.sol,bd0f1c11804d552281f48e7032a1b1cd030f509bd79f317bdfa76bdc96335f11,determinismo-0040,2026-09-30T13:49:47,5
