agente,instancia,n,k,m,semilla,resultado,colocadas,ocupadas,mayor,tiempo_s,esfuerzo,nombre_esfuerzo,marca_de_tiempo,archivo_solucion
aleatorio,ejemplo_n4_k3_m6,4,3,6,42,victoria,6,6,4,0.000168,81,colocaciones_evaluadas,2026-09-20T04:42:32,datos\soluciones\aleatorio\ejemplo_n4_k3_m6__aleatorio__s42.sol
busqueda_astar,ejemplo_n4_k3_m6,4,3,6,0,victoria,6,3,6,0.062547,502,nodos_expandidos,2026-09-20T04:42:36,datos\soluciones\busqueda_astar\ejemplo_n4_k3_m6__busqueda_astar__s0.sol
busqueda_astar,ejemplo_n5_k3_m12,5,3,12,1,victoria,12,6,11,17.799288,85965,nodos_expandidos,2026-09-20T04:42:54,datos\soluciones\busqueda_astar\ejemplo_n5_k3_m12__busqueda_astar__s1.sol
busqueda_astar,ejemplo_n6_k4_m24,6,4,24,7,victoria,24,18,11,24.637427,120000,nodos_expandidos,2026-09-20T04:43:21,datos\soluciones\busqueda_astar\ejemplo_n6_k4_m24__busqueda_astar__s7.sol
aleatorio,ejemplo_n4_k3_m6,4,3,6,0,victoria,6,5,4,0.000182,82,colocaciones_evaluadas,2026-09-20T04:43:34,datos\soluciones\aleatorio\ejemplo_n4_k3_m6__aleatorio__s0.sol
busqueda_astar,ejemplo_n4_k3_m6,4,3,6,0,victoria,6,3,6,0.062301,502,nodos_expandidos,2026-09-20T04:43:34,datos\soluciones\busqueda_astar\ejemplo_n4_k3_m6__busqueda_astar__s0.sol
busqueda_dijkstra,ejemplo_n4_k3_m6,4,3,6,0,victoria,6,3,6,13.282609,83335,nodos_expandidos,2026-09-20T04:43:48,datos\soluciones\busqueda_dijkstra\ejemplo_n4_k3_m6__busqueda_dijkstra__s0.sol
aleatorio,ejemplo_n5_k3_m12,5,3,12,1,victoria,12,11,5,0.000283,235,colocaciones_evaluadas,2026-09-20T04:43:56,datos\soluciones\aleatorio\ejemplo_n5_k3_m12__aleatorio__s1.sol
busqueda_astar,ejemplo_n5_k3_m12,5,3,12,1,victoria,12,6,11,17.799288,84569,nodos_expandidos,2026-09-20T04:44:13,datos\soluciones\busqueda_astar\ejemplo_n5_k3_m12__busqueda_astar__s1.sol
aleatorio,ejemplo_n4_k3_m6,4,3,6,42,victoria,6,6,4,0.000173,81,colocaciones_evaluadas,2026-09-20T04:50:20,datos\soluciones\aleatorio\ejemplo_n4_k3_m6__aleatorio__s42.sol
busqueda_astar,ejemplo_n4_k3_m6,4,3,6,0,victoria,6,3,6,0.067365,502,nodos_expandidos,2026-09-20T04:50:20,datos\soluciones\busqueda_astar\ejemplo_n4_k3_m6__busqueda_astar__s0.sol
busqueda_astar,ejemplo_n5_k3_m12,5,3,12,1,victoria,12,6,11,17.788174,78365,nodos_expandidos,2026-09-20T04:50:38,datos\soluciones\busqueda_astar\ejemplo_n5_k3_m12__busqueda_astar__s1.sol
busqueda_astar,ejemplo_n6_k4_m24,6,4,24,7,victoria,24,18,11,26.728766,107844,nodos_expandidos,2026-09-20T04:51:05,datos\soluciones\busqueda_astar\ejemplo_n6_k4_m24__busqueda_astar__s7.sol
aleatorio,ejemplo_n4_k3_m6,4,3,6,0,victoria,6,5,4,0.000170,82,colocaciones_evaluadas,2026-09-20T04:51:06,datos\soluciones\aleatorio\ejemplo_n4_k3_m6__aleatorio__s0.sol
busqueda_astar,ejemplo_n4_k3_m6,4,3,6,0,victoria,6,3,6,0.064750,502,nodos_expandidos,2026-09-20T04:51:06,datos\soluciones\busqueda_astar\ejemplo_n4_k3_m6__busqueda_astar__s0.sol
busqueda_dijkstra,ejemplo_n4_k3_m6,4,3,6,0,victoria,6,3,6,13.273140,67106,nodos_expandidos,2026-09-20T04:51:19,datos\soluciones\busqueda_dijkstra\ejemplo_n4_k3_m6__busqueda_dijkstra__s0.sol
aleatorio,ejemplo_n5_k3_m12,5,3,12,1,victoria,12,11,5,0.000244,235,colocaciones_evaluadas,2026-09-20T04:51:19,datos\soluciones\aleatorio\ejemplo_n5_k3_m12__aleatorio__s1.sol
busqueda_astar,ejemplo_n5_k3_m12,5,3,12,1,victoria,12,6,11,17.943737,68428,nodos_expandidos,2026-09-20T04:51:37,datos\soluciones\busqueda_astar\ejemplo_n5_k3_m12__busqueda_astar__s1.sol
busqueda_astar,ejemplo_n4_k3_m6,4,3,6,0,victoria,6,3,6,0.061756,502,nodos_expandidos,2026-09-20T05:39:03,datos\soluciones\busqueda_astar\ejemplo_n4_k3_m6__busqueda_astar__s0.sol
aleatorio,ciega_n5_k4_m15,5,4,15,3,victoria,15,11,10,0.000292,293,colocaciones_evaluadas,2026-09-20T05:39:23,datos\soluciones\aleatorio\ciega_n5_k4_m15__aleatorio__s3.sol
busqueda_astar,ciega_n5_k4_m15,5,4,15,3,victoria,15,8,10,8.928398,57297,nodos_expandidos,2026-09-20T05:39:32,datos\soluciones\busqueda_astar\ciega_n5_k4_m15__busqueda_astar__s3.sol
