instance,agent,agent_seed,timeout_s,runs,n_ok,distinct_solutions,identical_solutions,solution_sha256,tiles_placed_values,occupied_cells_values,largest_tile_values,search_cutoff_values,clock_safeguard_values,effort_type,effort_min,effort_max,effort_range_pct,elapsed_min_s,elapsed_max_s,statuses
piloto_s1_n3_k2_m5,evolutivo,1,10.000000,1,1,1,True,2f18190af3e40b48d55ffcd6040c855c2168fc89ccd2c26a77a3eee5be5ffee3,5,2,14,,False,fitness_evaluations,40000,40000,0.00,3.6914,3.6914,ok
piloto_s1_n3_k2_m9,evolutivo,1,10.000000,1,1,1,True,357602d19dac5c85915791e4c606a5f878cbf53bb57b41d972a50d38e8118aa8,9,2,22,,False,fitness_evaluations,22222,22222,0.00,2.7328,2.7328,ok
piloto_s1_n3_k2_m14,evolutivo,1,10.000000,1,1,1,True,2c0f768651a3f901ab33405803b5a758b4bd371d1de5fd8b348bf5dbf5fe6bd3,14,2,42,,False,fitness_evaluations,14285,14285,0.00,2.5182,2.5182,ok
piloto_s1_n3_k4_m5,evolutivo,1,10.000000,1,1,1,True,2f18190af3e40b48d55ffcd6040c855c2168fc89ccd2c26a77a3eee5be5ffee3,5,2,14,,False,fitness_evaluations,40000,40000,0.00,3.6828,3.6828,ok
piloto_s1_n3_k4_m9,evolutivo,1,10.000000,1,1,1,True,448b6eeefd512134a86cab379f3053107ca9a53ab824004a35400a2eca6f277f,9,3,18,,False,fitness_evaluations,22222,22222,0.00,2.6425,2.6425,ok
piloto_s1_n3_k4_m14,evolutivo,1,10.000000,1,1,1,True,2fe986485157eb4b39ae7e9cf1dc2eda4d042ba9371f339ee1e7eee829201107,14,4,31,,False,fitness_evaluations,14285,14285,0.00,2.3384,2.3384,ok
piloto_s1_n4_k2_m8,evolutivo,1,10.000000,1,1,1,True,fc9098d976da1f6664933ea5140a8166d4acfe67401a56c76d30354784d66d65,8,2,19,,False,fitness_evaluations,25000,25000,0.00,3.4739,3.4739,ok
piloto_s1_n4_k2_m16,evolutivo,1,10.000000,1,1,1,True,2ed8aacc2d7ad383a8f6b754905f3363c9574eb1b3cce51a8a89233c461a389a,16,2,53,,False,fitness_evaluations,12500,12500,0.00,2.6337,2.6337,ok
piloto_s1_n4_k2_m24,evolutivo,1,10.000000,1,1,1,True,3e27650ca4c39e30293119dfa93a6d3716f7bbb68ac0390cb2921d2fc50e54dd,24,2,83,,False,fitness_evaluations,8333,8333,0.00,2.6065,2.6065,ok
piloto_s1_n4_k4_m8,evolutivo,1,10.000000,1,1,1,True,0ee432346a276d220455aed1eaaf8d123aeed8676d30c03e8c13e48205ec6ae0,8,3,19,,False,fitness_evaluations,25000,25000,0.00,3.2916,3.2916,ok
piloto_s1_n4_k4_m16,evolutivo,1,10.000000,1,1,1,True,b1654c714eabf4c4f6683ba40a0c67ac41edd826af09fc210b6cb10a2a6daec9,16,4,24,,False,fitness_evaluations,12500,12500,0.00,2.7107,2.7107,ok
piloto_s1_n4_k4_m24,evolutivo,1,10.000000,1,1,1,True,a62f897354cae329a3e5be14790f747bf4f871cc52d8a1ff2583579123d665f5,24,4,46,,False,fitness_evaluations,8333,8333,0.00,2.6695,2.6695,ok
piloto_s1_n5_k2_m13,evolutivo,1,10.000000,1,1,1,True,15530f4032b774e58e7b8dc08ed77fe038d3679b679f163eda9960ea1b50bf6a,13,2,35,,False,fitness_evaluations,15384,15384,0.00,3.3168,3.3168,ok
piloto_s1_n5_k2_m25,evolutivo,1,10.000000,1,1,1,True,3411125fbd9db497b13443cc25aaa62ba81985dfa6408f5ce1d90efe86190014,25,2,67,,False,fitness_evaluations,8000,8000,0.00,2.6670,2.6670,ok
piloto_s1_n5_k2_m38,evolutivo,1,10.000000,1,1,1,True,e8a7f2a425453a0a655b039772598e200c131505e5c92820a07b16a8989ce1a6,38,2,118,,False,fitness_evaluations,5263,5263,0.00,2.4598,2.4598,ok
piloto_s1_n5_k4_m13,evolutivo,1,10.000000,1,1,1,True,7e2054ea64cca816049289a2a34ab065c0bbf4cd823498425aea23dbb1be9484,13,4,26,,False,fitness_evaluations,15384,15384,0.00,3.2014,3.2014,ok
piloto_s1_n5_k4_m25,evolutivo,1,10.000000,1,1,1,True,797edf13085d8f7ea003f3d3207c4aee5390d6508fb51129f10c3a0e98852d16,25,4,47,,False,fitness_evaluations,8000,8000,0.00,3.3454,3.3454,ok
piloto_s1_n5_k4_m38,evolutivo,1,10.000000,1,1,1,True,c4a0e3e791ea8d2a604938a98ba7b20927ac88cf60d6694c2288df791f13745e,38,4,62,,False,fitness_evaluations,5263,5263,0.00,2.9868,2.9868,ok
piloto_s1_n6_k2_m18,evolutivo,1,10.000000,1,1,1,True,c0a32c46fa8109aec4a4ea6ac35b8bfe03e0f9e15eab1142fbabff32c0e8a43b,18,2,52,,False,fitness_evaluations,11111,11111,0.00,3.4707,3.4707,ok
piloto_s1_n6_k2_m36,evolutivo,1,10.000000,1,1,1,True,700f5589d0bb4bd26645936295313b01c4f2bd056e684d6d905d1477fb500a62,36,2,111,,False,fitness_evaluations,5555,5555,0.00,2.8623,2.8623,ok
piloto_s1_n6_k2_m54,evolutivo,1,10.000000,1,1,1,True,9a79efaeb067d893c10209dabcedd164a0a7471722303fd3bb734a9e07d11b4f,54,2,152,,False,fitness_evaluations,3703,3703,0.00,2.5915,2.5915,ok
piloto_s1_n6_k4_m18,evolutivo,1,10.000000,1,1,1,True,88748976bee861e2a0a0e4c662449390d79ab651ea95ff26b858b22f7dbb8d9d,18,4,33,,False,fitness_evaluations,11111,11111,0.00,3.9092,3.9092,ok
piloto_s1_n6_k4_m36,evolutivo,1,10.000000,1,1,1,True,e4edcfa676a7e0f457685b6c5180d082404a6f27ea6efeead3d14d5ac90a2619,36,4,64,,False,fitness_evaluations,5555,5555,0.00,3.3825,3.3825,ok
piloto_s1_n6_k4_m54,evolutivo,1,10.000000,1,1,1,True,f9bec803df899c7d5e4e84b4ff16705f5d1747c3b2a51d5234b94332fd61793a,54,5,82,,False,fitness_evaluations,3703,3703,0.00,2.9530,2.9530,ok
