instance,agent,agent_seed,timeout_s,runs,n_ok,distinct_solutions,identical_solutions,solution_sha256,tiles_placed_values,occupied_cells_values,largest_tile_values,search_cutoff_values,effort_type,effort_min,effort_max,effort_range_pct,elapsed_min_s,elapsed_max_s,statuses
ejemplo_n4_k3_m6,busqueda_astar,1,5.000000,1,1,1,True,bbc13b181996aca6b650ab3e0c6ce184d1b7ff625a9a1766400a903286857e46,6,3,6,False,expanded_nodes,502,502,0.00,0.0515,0.0515,ok
ejemplo_n4_k3_m6,busqueda_astar,1,10.000000,1,1,1,True,bbc13b181996aca6b650ab3e0c6ce184d1b7ff625a9a1766400a903286857e46,6,3,6,False,expanded_nodes,502,502,0.00,0.0477,0.0477,ok
ejemplo_n4_k3_m6,busqueda_astar,1,20.000000,1,1,1,True,bbc13b181996aca6b650ab3e0c6ce184d1b7ff625a9a1766400a903286857e46,6,3,6,False,expanded_nodes,502,502,0.00,0.0541,0.0541,ok
ejemplo_n4_k3_m6,evolutivo,1,5.000000,1,1,1,True,fd6efcd556be976d3042ab3b170fdf9519bdcb18568c2c03eacfb00450f490cf,6,3,6,,fitness_evaluations,44657,44657,0.00,4.9001,4.9001,ok
ejemplo_n4_k3_m6,evolutivo,1,10.000000,1,1,1,True,fd6efcd556be976d3042ab3b170fdf9519bdcb18568c2c03eacfb00450f490cf,6,3,6,,fitness_evaluations,88880,88880,0.00,9.8001,9.8001,ok
ejemplo_n4_k3_m6,evolutivo,1,20.000000,1,1,1,True,fd6efcd556be976d3042ab3b170fdf9519bdcb18568c2c03eacfb00450f490cf,6,3,6,,fitness_evaluations,188351,188351,0.00,19.6000,19.6000,ok
ejemplo_n5_k3_m12,busqueda_astar,1,5.000000,1,1,1,True,398eb0298b53bcaf31682a9975d7bb7a31618dc6e7b13c156a8124d35dab9c5c,12,6,11,True,expanded_nodes,29312,29312,0.00,4.3954,4.3954,ok
ejemplo_n5_k3_m12,busqueda_astar,1,10.000000,1,1,1,True,398eb0298b53bcaf31682a9975d7bb7a31618dc6e7b13c156a8124d35dab9c5c,12,6,11,True,expanded_nodes,57924,57924,0.00,8.7795,8.7795,ok
ejemplo_n5_k3_m12,busqueda_astar,1,20.000000,1,1,1,True,398eb0298b53bcaf31682a9975d7bb7a31618dc6e7b13c156a8124d35dab9c5c,12,6,11,True,expanded_nodes,113869,113869,0.00,17.5875,17.5875,ok
ejemplo_n5_k3_m12,evolutivo,1,5.000000,1,1,1,True,d0c0391cdb8dbb5e06dd0d194980171c30704463cc01e87367b74e663b9ac499,12,3,12,,fitness_evaluations,23995,23995,0.00,4.9002,4.9002,ok
ejemplo_n5_k3_m12,evolutivo,1,10.000000,1,1,1,True,d0c0391cdb8dbb5e06dd0d194980171c30704463cc01e87367b74e663b9ac499,12,3,12,,fitness_evaluations,48895,48895,0.00,9.8001,9.8001,ok
ejemplo_n5_k3_m12,evolutivo,1,20.000000,1,1,1,True,d0c0391cdb8dbb5e06dd0d194980171c30704463cc01e87367b74e663b9ac499,12,3,12,,fitness_evaluations,97351,97351,0.00,19.6001,19.6001,ok
ciega_n5_k4_m15,busqueda_astar,1,5.000000,1,1,1,True,6abac4782aeca5c9845b0dd5866e454f5f135e6dff4110657f2abb282822c6e2,15,9,8,True,expanded_nodes,38003,38003,0.00,4.3927,4.3927,ok
ciega_n5_k4_m15,busqueda_astar,1,10.000000,1,1,1,True,9c6c171fb2f5fbec9d60ca0ef1ce48ea07dc39c360d78168ed17a79a1ed9077b,15,8,10,True,expanded_nodes,74581,74581,0.00,8.7821,8.7821,ok
ciega_n5_k4_m15,busqueda_astar,1,20.000000,1,1,1,True,9c6c171fb2f5fbec9d60ca0ef1ce48ea07dc39c360d78168ed17a79a1ed9077b,15,8,10,True,expanded_nodes,120000,120000,0.00,15.7495,15.7495,ok
ciega_n5_k4_m15,evolutivo,1,5.000000,1,1,1,True,d56e1226949471bbbdd809eddb78cd9dbc712c7bfaa31602d580c39d0da11329,15,4,11,,fitness_evaluations,19485,19485,0.00,4.9002,4.9002,ok
ciega_n5_k4_m15,evolutivo,1,10.000000,1,1,1,True,d56e1226949471bbbdd809eddb78cd9dbc712c7bfaa31602d580c39d0da11329,15,4,11,,fitness_evaluations,40812,40812,0.00,9.8003,9.8003,ok
ciega_n5_k4_m15,evolutivo,1,20.000000,1,1,1,True,d56e1226949471bbbdd809eddb78cd9dbc712c7bfaa31602d580c39d0da11329,15,4,11,,fitness_evaluations,81509,81509,0.00,19.6001,19.6001,ok
ejemplo_n6_k4_m24,busqueda_astar,1,5.000000,1,1,1,True,59c7a6e0af6c3700da49cb7901a661f11346fdf9ab04b065379cc56422054990,24,18,11,True,expanded_nodes,26929,26929,0.00,4.4224,4.4224,ok
ejemplo_n6_k4_m24,busqueda_astar,1,10.000000,1,1,1,True,59c7a6e0af6c3700da49cb7901a661f11346fdf9ab04b065379cc56422054990,24,18,11,True,expanded_nodes,56509,56509,0.00,9.0236,9.0236,ok
ejemplo_n6_k4_m24,busqueda_astar,1,20.000000,1,1,1,True,59c7a6e0af6c3700da49cb7901a661f11346fdf9ab04b065379cc56422054990,24,18,11,True,expanded_nodes,110481,110481,0.00,17.7252,17.7252,ok
ejemplo_n6_k4_m24,evolutivo,1,5.000000,1,1,1,True,bd0f1c11804d552281f48e7032a1b1cd030f509bd79f317bdfa76bdc96335f11,24,4,18,,fitness_evaluations,12452,12452,0.00,4.9000,4.9000,ok
ejemplo_n6_k4_m24,evolutivo,1,10.000000,1,1,1,True,bd0f1c11804d552281f48e7032a1b1cd030f509bd79f317bdfa76bdc96335f11,24,4,18,,fitness_evaluations,26292,26292,0.00,9.8002,9.8002,ok
ejemplo_n6_k4_m24,evolutivo,1,20.000000,1,1,1,True,bd0f1c11804d552281f48e7032a1b1cd030f509bd79f317bdfa76bdc96335f11,24,4,18,,fitness_evaluations,52665,52665,0.00,19.6005,19.6005,ok
