experiment,config_id,instance,N,K,M,instance_seed,agent,agent_seed,timeout_s,status,validated,tiles_placed,occupied_cells,largest_tile,elapsed_s,effort,effort_type,result,complete,search_cutoff,clock_safeguard,time_fraction,exceeded_limit,wall_s,return_code,validator_return_code,validator_verdict,validator_tiles,validator_occupied,validator_largest,solution_path,solution_sha256,run_id,timestamp,repeat
determinismo_presupuesto_sesion1,ejemplo_n4_k3_m6,ejemplo_n4_k3_m6,4,3,6,,busqueda_astar,1,10.000000,ok,True,6,3,6,0.047100,502,expanded_nodes,victoria,True,False,False,0.004710,False,0.206182,0,0,ACEPTADA,6,3,6,resultados/experimentos/determinismo_presupuesto_sesion1/soluciones/ejemplo_n4_k3_m6__busqueda_astar__s1__t10__r1.sol,bbc13b181996aca6b650ab3e0c6ce184d1b7ff625a9a1766400a903286857e46,determinismo_presupuesto_sesion1-0001,2026-09-30T14:48:58,1
determinismo_presupuesto_sesion1,ejemplo_n4_k3_m6,ejemplo_n4_k3_m6,4,3,6,,busqueda_astar,1,10.000000,ok,True,6,3,6,0.048200,502,expanded_nodes,victoria,True,False,False,0.004820,False,0.228738,0,0,ACEPTADA,6,3,6,resultados/experimentos/determinismo_presupuesto_sesion1/soluciones/ejemplo_n4_k3_m6__busqueda_astar__s1__t10__r2.sol,bbc13b181996aca6b650ab3e0c6ce184d1b7ff625a9a1766400a903286857e46,determinismo_presupuesto_sesion1-0002,2026-09-30T14:48:58,2
determinismo_presupuesto_sesion1,ejemplo_n4_k3_m6,ejemplo_n4_k3_m6,4,3,6,,busqueda_astar,1,10.000000,ok,True,6,3,6,0.046300,502,expanded_nodes,victoria,True,False,False,0.004630,False,0.201762,0,0,ACEPTADA,6,3,6,resultados/experimentos/determinismo_presupuesto_sesion1/soluciones/ejemplo_n4_k3_m6__busqueda_astar__s1__t10__r3.sol,bbc13b181996aca6b650ab3e0c6ce184d1b7ff625a9a1766400a903286857e46,determinismo_presupuesto_sesion1-0003,2026-09-30T14:48:59,3
determinismo_presupuesto_sesion1,ejemplo_n4_k3_m6,ejemplo_n4_k3_m6,4,3,6,,busqueda_astar,1,10.000000,ok,True,6,3,6,0.044700,502,expanded_nodes,victoria,True,False,False,0.004470,False,0.233952,0,0,ACEPTADA,6,3,6,resultados/experimentos/determinismo_presupuesto_sesion1/soluciones/ejemplo_n4_k3_m6__busqueda_astar__s1__t10__r4.sol,bbc13b181996aca6b650ab3e0c6ce184d1b7ff625a9a1766400a903286857e46,determinismo_presupuesto_sesion1-0004,2026-09-30T14:48:59,4
determinismo_presupuesto_sesion1,ejemplo_n4_k3_m6,ejemplo_n4_k3_m6,4,3,6,,busqueda_astar,1,10.000000,ok,True,6,3,6,0.048600,502,expanded_nodes,victoria,True,False,False,0.004860,False,0.244258,0,0,ACEPTADA,6,3,6,resultados/experimentos/determinismo_presupuesto_sesion1/soluciones/ejemplo_n4_k3_m6__busqueda_astar__s1__t10__r5.sol,bbc13b181996aca6b650ab3e0c6ce184d1b7ff625a9a1766400a903286857e46,determinismo_presupuesto_sesion1-0005,2026-09-30T14:48:59,5
determinismo_presupuesto_sesion1,ejemplo_n4_k3_m6,ejemplo_n4_k3_m6,4,3,6,,evolutivo,1,10.000000,ok,True,6,3,6,3.442900,33333,fitness_evaluations,victoria,True,,False,0.344290,False,3.615380,0,0,ACEPTADA,6,3,6,resultados/experimentos/determinismo_presupuesto_sesion1/soluciones/ejemplo_n4_k3_m6__evolutivo__s1__t10__r1.sol,fd6efcd556be976d3042ab3b170fdf9519bdcb18568c2c03eacfb00450f490cf,determinismo_presupuesto_sesion1-0006,2026-09-30T14:49:00,1
determinismo_presupuesto_sesion1,ejemplo_n4_k3_m6,ejemplo_n4_k3_m6,4,3,6,,evolutivo,1,10.000000,ok,True,6,3,6,3.541500,33333,fitness_evaluations,victoria,True,,False,0.354150,False,3.714782,0,0,ACEPTADA,6,3,6,resultados/experimentos/determinismo_presupuesto_sesion1/soluciones/ejemplo_n4_k3_m6__evolutivo__s1__t10__r2.sol,fd6efcd556be976d3042ab3b170fdf9519bdcb18568c2c03eacfb00450f490cf,determinismo_presupuesto_sesion1-0007,2026-09-30T14:49:04,2
determinismo_presupuesto_sesion1,ejemplo_n4_k3_m6,ejemplo_n4_k3_m6,4,3,6,,evolutivo,1,10.000000,ok,True,6,3,6,3.505000,33333,fitness_evaluations,victoria,True,,False,0.350500,False,3.672507,0,0,ACEPTADA,6,3,6,resultados/experimentos/determinismo_presupuesto_sesion1/soluciones/ejemplo_n4_k3_m6__evolutivo__s1__t10__r3.sol,fd6efcd556be976d3042ab3b170fdf9519bdcb18568c2c03eacfb00450f490cf,determinismo_presupuesto_sesion1-0008,2026-09-30T14:49:08,3
determinismo_presupuesto_sesion1,ejemplo_n4_k3_m6,ejemplo_n4_k3_m6,4,3,6,,evolutivo,1,10.000000,ok,True,6,3,6,3.490700,33333,fitness_evaluations,victoria,True,,False,0.349070,False,3.660451,0,0,ACEPTADA,6,3,6,resultados/experimentos/determinismo_presupuesto_sesion1/soluciones/ejemplo_n4_k3_m6__evolutivo__s1__t10__r4.sol,fd6efcd556be976d3042ab3b170fdf9519bdcb18568c2c03eacfb00450f490cf,determinismo_presupuesto_sesion1-0009,2026-09-30T14:49:11,4
determinismo_presupuesto_sesion1,ejemplo_n4_k3_m6,ejemplo_n4_k3_m6,4,3,6,,evolutivo,1,10.000000,ok,True,6,3,6,3.513500,33333,fitness_evaluations,victoria,True,,False,0.351350,False,3.678710,0,0,ACEPTADA,6,3,6,resultados/experimentos/determinismo_presupuesto_sesion1/soluciones/ejemplo_n4_k3_m6__evolutivo__s1__t10__r5.sol,fd6efcd556be976d3042ab3b170fdf9519bdcb18568c2c03eacfb00450f490cf,determinismo_presupuesto_sesion1-0010,2026-09-30T14:49:15,5
determinismo_presupuesto_sesion1,ejemplo_n5_k3_m12,ejemplo_n5_k3_m12,5,3,12,,busqueda_astar,1,10.000000,ok,True,12,6,11,3.350000,22000,expanded_nodes,victoria,True,True,False,0.335000,False,3.541977,0,0,ACEPTADA,12,6,11,resultados/experimentos/determinismo_presupuesto_sesion1/soluciones/ejemplo_n5_k3_m12__busqueda_astar__s1__t10__r1.sol,398eb0298b53bcaf31682a9975d7bb7a31618dc6e7b13c156a8124d35dab9c5c,determinismo_presupuesto_sesion1-0011,2026-09-30T14:49:19,1
determinismo_presupuesto_sesion1,ejemplo_n5_k3_m12,ejemplo_n5_k3_m12,5,3,12,,busqueda_astar,1,10.000000,ok,True,12,6,11,3.373000,22000,expanded_nodes,victoria,True,True,False,0.337300,False,3.565377,0,0,ACEPTADA,12,6,11,resultados/experimentos/determinismo_presupuesto_sesion1/soluciones/ejemplo_n5_k3_m12__busqueda_astar__s1__t10__r2.sol,398eb0298b53bcaf31682a9975d7bb7a31618dc6e7b13c156a8124d35dab9c5c,determinismo_presupuesto_sesion1-0012,2026-09-30T14:49:23,2
determinismo_presupuesto_sesion1,ejemplo_n5_k3_m12,ejemplo_n5_k3_m12,5,3,12,,busqueda_astar,1,10.000000,ok,True,12,6,11,3.326100,22000,expanded_nodes,victoria,True,True,False,0.332610,False,3.494816,0,0,ACEPTADA,12,6,11,resultados/experimentos/determinismo_presupuesto_sesion1/soluciones/ejemplo_n5_k3_m12__busqueda_astar__s1__t10__r3.sol,398eb0298b53bcaf31682a9975d7bb7a31618dc6e7b13c156a8124d35dab9c5c,determinismo_presupuesto_sesion1-0013,2026-09-30T14:49:27,3
determinismo_presupuesto_sesion1,ejemplo_n5_k3_m12,ejemplo_n5_k3_m12,5,3,12,,busqueda_astar,1,10.000000,ok,True,12,6,11,3.372000,22000,expanded_nodes,victoria,True,True,False,0.337200,False,3.539983,0,0,ACEPTADA,12,6,11,resultados/experimentos/determinismo_presupuesto_sesion1/soluciones/ejemplo_n5_k3_m12__busqueda_astar__s1__t10__r4.sol,398eb0298b53bcaf31682a9975d7bb7a31618dc6e7b13c156a8124d35dab9c5c,determinismo_presupuesto_sesion1-0014,2026-09-30T14:49:30,4
determinismo_presupuesto_sesion1,ejemplo_n5_k3_m12,ejemplo_n5_k3_m12,5,3,12,,busqueda_astar,1,10.000000,ok,True,12,6,11,3.353800,22000,expanded_nodes,victoria,True,True,False,0.335380,False,3.526383,0,0,ACEPTADA,12,6,11,resultados/experimentos/determinismo_presupuesto_sesion1/soluciones/ejemplo_n5_k3_m12__busqueda_astar__s1__t10__r5.sol,398eb0298b53bcaf31682a9975d7bb7a31618dc6e7b13c156a8124d35dab9c5c,determinismo_presupuesto_sesion1-0015,2026-09-30T14:49:34,5
determinismo_presupuesto_sesion1,ejemplo_n5_k3_m12,ejemplo_n5_k3_m12,5,3,12,,evolutivo,1,10.000000,ok,True,12,3,12,3.472900,16666,fitness_evaluations,victoria,True,,False,0.347290,False,3.648796,0,0,ACEPTADA,12,3,12,resultados/experimentos/determinismo_presupuesto_sesion1/soluciones/ejemplo_n5_k3_m12__evolutivo__s1__t10__r1.sol,d0c0391cdb8dbb5e06dd0d194980171c30704463cc01e87367b74e663b9ac499,determinismo_presupuesto_sesion1-0016,2026-09-30T14:49:38,1
determinismo_presupuesto_sesion1,ejemplo_n5_k3_m12,ejemplo_n5_k3_m12,5,3,12,,evolutivo,1,10.000000,ok,True,12,3,12,3.501600,16666,fitness_evaluations,victoria,True,,False,0.350160,False,3.658128,0,0,ACEPTADA,12,3,12,resultados/experimentos/determinismo_presupuesto_sesion1/soluciones/ejemplo_n5_k3_m12__evolutivo__s1__t10__r2.sol,d0c0391cdb8dbb5e06dd0d194980171c30704463cc01e87367b74e663b9ac499,determinismo_presupuesto_sesion1-0017,2026-09-30T14:49:41,2
determinismo_presupuesto_sesion1,ejemplo_n5_k3_m12,ejemplo_n5_k3_m12,5,3,12,,evolutivo,1,10.000000,ok,True,12,3,12,3.560400,16666,fitness_evaluations,victoria,True,,False,0.356040,False,3.731205,0,0,ACEPTADA,12,3,12,resultados/experimentos/determinismo_presupuesto_sesion1/soluciones/ejemplo_n5_k3_m12__evolutivo__s1__t10__r3.sol,d0c0391cdb8dbb5e06dd0d194980171c30704463cc01e87367b74e663b9ac499,determinismo_presupuesto_sesion1-0018,2026-09-30T14:49:45,3
determinismo_presupuesto_sesion1,ejemplo_n5_k3_m12,ejemplo_n5_k3_m12,5,3,12,,evolutivo,1,10.000000,ok,True,12,3,12,3.489400,16666,fitness_evaluations,victoria,True,,False,0.348940,False,3.654737,0,0,ACEPTADA,12,3,12,resultados/experimentos/determinismo_presupuesto_sesion1/soluciones/ejemplo_n5_k3_m12__evolutivo__s1__t10__r4.sol,d0c0391cdb8dbb5e06dd0d194980171c30704463cc01e87367b74e663b9ac499,determinismo_presupuesto_sesion1-0019,2026-09-30T14:49:49,4
determinismo_presupuesto_sesion1,ejemplo_n5_k3_m12,ejemplo_n5_k3_m12,5,3,12,,evolutivo,1,10.000000,ok,True,12,3,12,3.480400,16666,fitness_evaluations,victoria,True,,False,0.348040,False,3.649249,0,0,ACEPTADA,12,3,12,resultados/experimentos/determinismo_presupuesto_sesion1/soluciones/ejemplo_n5_k3_m12__evolutivo__s1__t10__r5.sol,d0c0391cdb8dbb5e06dd0d194980171c30704463cc01e87367b74e663b9ac499,determinismo_presupuesto_sesion1-0020,2026-09-30T14:49:53,5
determinismo_presupuesto_sesion1,ciega_n5_k4_m15,ciega_n5_k4_m15,5,4,15,,busqueda_astar,1,10.000000,ok,True,15,10,8,2.577200,22000,expanded_nodes,victoria,True,True,False,0.257720,False,2.747778,0,0,ACEPTADA,15,10,8,resultados/experimentos/determinismo_presupuesto_sesion1/soluciones/ciega_n5_k4_m15__busqueda_astar__s1__t10__r1.sol,7689d2cb7e05522197e1d43b8b4c90553216efd2a19af95af5fb8a0436ddcf99,determinismo_presupuesto_sesion1-0021,2026-09-30T14:49:57,1
determinismo_presupuesto_sesion1,ciega_n5_k4_m15,ciega_n5_k4_m15,5,4,15,,busqueda_astar,1,10.000000,ok,True,15,10,8,2.583800,22000,expanded_nodes,victoria,True,True,False,0.258380,False,2.753185,0,0,ACEPTADA,15,10,8,resultados/experimentos/determinismo_presupuesto_sesion1/soluciones/ciega_n5_k4_m15__busqueda_astar__s1__t10__r2.sol,7689d2cb7e05522197e1d43b8b4c90553216efd2a19af95af5fb8a0436ddcf99,determinismo_presupuesto_sesion1-0022,2026-09-30T14:50:00,2
determinismo_presupuesto_sesion1,ciega_n5_k4_m15,ciega_n5_k4_m15,5,4,15,,busqueda_astar,1,10.000000,ok,True,15,10,8,2.531700,22000,expanded_nodes,victoria,True,True,False,0.253170,False,2.698275,0,0,ACEPTADA,15,10,8,resultados/experimentos/determinismo_presupuesto_sesion1/soluciones/ciega_n5_k4_m15__busqueda_astar__s1__t10__r3.sol,7689d2cb7e05522197e1d43b8b4c90553216efd2a19af95af5fb8a0436ddcf99,determinismo_presupuesto_sesion1-0023,2026-09-30T14:50:03,3
determinismo_presupuesto_sesion1,ciega_n5_k4_m15,ciega_n5_k4_m15,5,4,15,,busqueda_astar,1,10.000000,ok,True,15,10,8,2.599400,22000,expanded_nodes,victoria,True,True,False,0.259940,False,2.763251,0,0,ACEPTADA,15,10,8,resultados/experimentos/determinismo_presupuesto_sesion1/soluciones/ciega_n5_k4_m15__busqueda_astar__s1__t10__r4.sol,7689d2cb7e05522197e1d43b8b4c90553216efd2a19af95af5fb8a0436ddcf99,determinismo_presupuesto_sesion1-0024,2026-09-30T14:50:06,4
determinismo_presupuesto_sesion1,ciega_n5_k4_m15,ciega_n5_k4_m15,5,4,15,,busqueda_astar,1,10.000000,ok,True,15,10,8,2.567100,22000,expanded_nodes,victoria,True,True,False,0.256710,False,2.745012,0,0,ACEPTADA,15,10,8,resultados/experimentos/determinismo_presupuesto_sesion1/soluciones/ciega_n5_k4_m15__busqueda_astar__s1__t10__r5.sol,7689d2cb7e05522197e1d43b8b4c90553216efd2a19af95af5fb8a0436ddcf99,determinismo_presupuesto_sesion1-0025,2026-09-30T14:50:08,5
determinismo_presupuesto_sesion1,ciega_n5_k4_m15,ciega_n5_k4_m15,5,4,15,,evolutivo,1,10.000000,ok,True,15,4,11,3.190300,13333,fitness_evaluations,victoria,True,,False,0.319030,False,3.348638,0,0,ACEPTADA,15,4,11,resultados/experimentos/determinismo_presupuesto_sesion1/soluciones/ciega_n5_k4_m15__evolutivo__s1__t10__r1.sol,d56e1226949471bbbdd809eddb78cd9dbc712c7bfaa31602d580c39d0da11329,determinismo_presupuesto_sesion1-0026,2026-09-30T14:50:11,1
determinismo_presupuesto_sesion1,ciega_n5_k4_m15,ciega_n5_k4_m15,5,4,15,,evolutivo,1,10.000000,ok,True,15,4,11,3.132900,13333,fitness_evaluations,victoria,True,,False,0.313290,False,3.290740,0,0,ACEPTADA,15,4,11,resultados/experimentos/determinismo_presupuesto_sesion1/soluciones/ciega_n5_k4_m15__evolutivo__s1__t10__r2.sol,d56e1226949471bbbdd809eddb78cd9dbc712c7bfaa31602d580c39d0da11329,determinismo_presupuesto_sesion1-0027,2026-09-30T14:50:15,2
determinismo_presupuesto_sesion1,ciega_n5_k4_m15,ciega_n5_k4_m15,5,4,15,,evolutivo,1,10.000000,ok,True,15,4,11,3.137400,13333,fitness_evaluations,victoria,True,,False,0.313740,False,3.303081,0,0,ACEPTADA,15,4,11,resultados/experimentos/determinismo_presupuesto_sesion1/soluciones/ciega_n5_k4_m15__evolutivo__s1__t10__r3.sol,d56e1226949471bbbdd809eddb78cd9dbc712c7bfaa31602d580c39d0da11329,determinismo_presupuesto_sesion1-0028,2026-09-30T14:50:18,3
determinismo_presupuesto_sesion1,ciega_n5_k4_m15,ciega_n5_k4_m15,5,4,15,,evolutivo,1,10.000000,ok,True,15,4,11,3.189200,13333,fitness_evaluations,victoria,True,,False,0.318920,False,3.357855,0,0,ACEPTADA,15,4,11,resultados/experimentos/determinismo_presupuesto_sesion1/soluciones/ciega_n5_k4_m15__evolutivo__s1__t10__r4.sol,d56e1226949471bbbdd809eddb78cd9dbc712c7bfaa31602d580c39d0da11329,determinismo_presupuesto_sesion1-0029,2026-09-30T14:50:22,4
determinismo_presupuesto_sesion1,ciega_n5_k4_m15,ciega_n5_k4_m15,5,4,15,,evolutivo,1,10.000000,ok,True,15,4,11,3.175500,13333,fitness_evaluations,victoria,True,,False,0.317550,False,3.332706,0,0,ACEPTADA,15,4,11,resultados/experimentos/determinismo_presupuesto_sesion1/soluciones/ciega_n5_k4_m15__evolutivo__s1__t10__r5.sol,d56e1226949471bbbdd809eddb78cd9dbc712c7bfaa31602d580c39d0da11329,determinismo_presupuesto_sesion1-0030,2026-09-30T14:50:25,5
determinismo_presupuesto_sesion1,ejemplo_n6_k4_m24,ejemplo_n6_k4_m24,6,4,24,,busqueda_astar,1,10.000000,ok,True,24,18,11,2.996500,22000,expanded_nodes,victoria,True,True,False,0.299650,False,3.177027,0,0,ACEPTADA,24,18,11,resultados/experimentos/determinismo_presupuesto_sesion1/soluciones/ejemplo_n6_k4_m24__busqueda_astar__s1__t10__r1.sol,59c7a6e0af6c3700da49cb7901a661f11346fdf9ab04b065379cc56422054990,determinismo_presupuesto_sesion1-0031,2026-09-30T14:50:29,1
determinismo_presupuesto_sesion1,ejemplo_n6_k4_m24,ejemplo_n6_k4_m24,6,4,24,,busqueda_astar,1,10.000000,ok,True,24,18,11,3.016600,22000,expanded_nodes,victoria,True,True,False,0.301660,False,3.184952,0,0,ACEPTADA,24,18,11,resultados/experimentos/determinismo_presupuesto_sesion1/soluciones/ejemplo_n6_k4_m24__busqueda_astar__s1__t10__r2.sol,59c7a6e0af6c3700da49cb7901a661f11346fdf9ab04b065379cc56422054990,determinismo_presupuesto_sesion1-0032,2026-09-30T14:50:32,2
determinismo_presupuesto_sesion1,ejemplo_n6_k4_m24,ejemplo_n6_k4_m24,6,4,24,,busqueda_astar,1,10.000000,ok,True,24,18,11,3.035500,22000,expanded_nodes,victoria,True,True,False,0.303550,False,3.190693,0,0,ACEPTADA,24,18,11,resultados/experimentos/determinismo_presupuesto_sesion1/soluciones/ejemplo_n6_k4_m24__busqueda_astar__s1__t10__r3.sol,59c7a6e0af6c3700da49cb7901a661f11346fdf9ab04b065379cc56422054990,determinismo_presupuesto_sesion1-0033,2026-09-30T14:50:36,3
determinismo_presupuesto_sesion1,ejemplo_n6_k4_m24,ejemplo_n6_k4_m24,6,4,24,,busqueda_astar,1,10.000000,ok,True,24,18,11,3.070300,22000,expanded_nodes,victoria,True,True,False,0.307030,False,3.234819,0,0,ACEPTADA,24,18,11,resultados/experimentos/determinismo_presupuesto_sesion1/soluciones/ejemplo_n6_k4_m24__busqueda_astar__s1__t10__r4.sol,59c7a6e0af6c3700da49cb7901a661f11346fdf9ab04b065379cc56422054990,determinismo_presupuesto_sesion1-0034,2026-09-30T14:50:39,4
determinismo_presupuesto_sesion1,ejemplo_n6_k4_m24,ejemplo_n6_k4_m24,6,4,24,,busqueda_astar,1,10.000000,ok,True,24,18,11,3.168400,22000,expanded_nodes,victoria,True,True,False,0.316840,False,3.330212,0,0,ACEPTADA,24,18,11,resultados/experimentos/determinismo_presupuesto_sesion1/soluciones/ejemplo_n6_k4_m24__busqueda_astar__s1__t10__r5.sol,59c7a6e0af6c3700da49cb7901a661f11346fdf9ab04b065379cc56422054990,determinismo_presupuesto_sesion1-0035,2026-09-30T14:50:42,5
determinismo_presupuesto_sesion1,ejemplo_n6_k4_m24,ejemplo_n6_k4_m24,6,4,24,,evolutivo,1,10.000000,ok,True,24,4,18,3.216400,8333,fitness_evaluations,victoria,True,,False,0.321640,False,3.402625,0,0,ACEPTADA,24,4,18,resultados/experimentos/determinismo_presupuesto_sesion1/soluciones/ejemplo_n6_k4_m24__evolutivo__s1__t10__r1.sol,bd0f1c11804d552281f48e7032a1b1cd030f509bd79f317bdfa76bdc96335f11,determinismo_presupuesto_sesion1-0036,2026-09-30T14:50:46,1
determinismo_presupuesto_sesion1,ejemplo_n6_k4_m24,ejemplo_n6_k4_m24,6,4,24,,evolutivo,1,10.000000,ok,True,24,4,18,3.295500,8333,fitness_evaluations,victoria,True,,False,0.329550,False,3.471885,0,0,ACEPTADA,24,4,18,resultados/experimentos/determinismo_presupuesto_sesion1/soluciones/ejemplo_n6_k4_m24__evolutivo__s1__t10__r2.sol,bd0f1c11804d552281f48e7032a1b1cd030f509bd79f317bdfa76bdc96335f11,determinismo_presupuesto_sesion1-0037,2026-09-30T14:50:49,2
determinismo_presupuesto_sesion1,ejemplo_n6_k4_m24,ejemplo_n6_k4_m24,6,4,24,,evolutivo,1,10.000000,ok,True,24,4,18,3.124100,8333,fitness_evaluations,victoria,True,,False,0.312410,False,3.294933,0,0,ACEPTADA,24,4,18,resultados/experimentos/determinismo_presupuesto_sesion1/soluciones/ejemplo_n6_k4_m24__evolutivo__s1__t10__r3.sol,bd0f1c11804d552281f48e7032a1b1cd030f509bd79f317bdfa76bdc96335f11,determinismo_presupuesto_sesion1-0038,2026-09-30T14:50:53,3
determinismo_presupuesto_sesion1,ejemplo_n6_k4_m24,ejemplo_n6_k4_m24,6,4,24,,evolutivo,1,10.000000,ok,True,24,4,18,3.147500,8333,fitness_evaluations,victoria,True,,False,0.314750,False,3.299680,0,0,ACEPTADA,24,4,18,resultados/experimentos/determinismo_presupuesto_sesion1/soluciones/ejemplo_n6_k4_m24__evolutivo__s1__t10__r4.sol,bd0f1c11804d552281f48e7032a1b1cd030f509bd79f317bdfa76bdc96335f11,determinismo_presupuesto_sesion1-0039,2026-09-30T14:50:57,4
determinismo_presupuesto_sesion1,ejemplo_n6_k4_m24,ejemplo_n6_k4_m24,6,4,24,,evolutivo,1,10.000000,ok,True,24,4,18,3.115600,8333,fitness_evaluations,victoria,True,,False,0.311560,False,3.280570,0,0,ACEPTADA,24,4,18,resultados/experimentos/determinismo_presupuesto_sesion1/soluciones/ejemplo_n6_k4_m24__evolutivo__s1__t10__r5.sol,bd0f1c11804d552281f48e7032a1b1cd030f509bd79f317bdfa76bdc96335f11,determinismo_presupuesto_sesion1-0040,2026-09-30T14:51:00,5
